timestamp,test_type,environmental_condition,user_id,granted,rejection_reason,t_ear_edge_ms,t_edge_total_ms,t_network_rtt_ms,t_lbp_ms,t_fft_ms,t_arcface_ms,t_chroma_ms,t_sqlite_ms,t_backend_total_ms,t_total_end2end_ms,ear_open,ear_blink,lbp_entropy,lbp_threshold,lbp_variance,liveness_score,cosine_distance,match_threshold,bc_tx_hash,bc_gas_used,bc_block_number,bc_seal_time_ms
2026-09-26 19:47:29,IMPOSTOR_LIVE,NORMAL,admin,False,UNKNOWN_FACE_OR_NO_MATCH,4.5,6.5,0.0,12.09,0.77,240.51,5.81,209.67,484.06,490.56,0.3062,0.0242,3.7362,3.69,0.0022,0.7789,0.7318,0.68,5e3bccadc9f49918872fe13366a1cc4a2d37760312aeb80d007d906174eed453,207247,398,35.82
2026-09-26 19:47:34,IMPOSTOR_LIVE,NORMAL,admin,False,UNKNOWN_FACE_OR_NO_MATCH,4.36,6.36,0.0,11.21,0.72,233.78,1.43,208.71,469.65,476.01,0.3082,0.0249,3.7477,3.69,0.0021,0.786,0.6987,0.68,1aae7aee2097e25285745364feae722393934a4155fdaccdc761af627bde4700,207247,399,33.18
2026-09-26 19:47:39,IMPOSTOR_LIVE,NORMAL,admin,False,UNKNOWN_FACE_OR_NO_MATCH,4.55,6.55,0.0,13.49,0.68,252.48,1.32,208.14,488.6,495.15,0.2844,0.0678,3.7528,3.69,0.0021,0.7892,0.6982,0.68,c66686bb699d393405ea1f6fd99e566c85cc5d6d158a28a566b191080429ef38,207247,400,30.13
2026-09-26 19:47:44,IMPOSTOR_LIVE,NORMAL,admin,False,UNKNOWN_FACE_OR_NO_MATCH,4.93,6.93,0.0,13.31,0.67,228.58,1.71,207.91,464.6,471.53,0.2775,0.0327,3.7425,3.69,0.0022,0.7829,0.7242,0.68,0f2d53f501e4b1cbecdcf575258ffd39f176d0692501f813a93605188beef8ac,207247,401,31.97
2026-09-26 19:47:48,IMPOSTOR_LIVE,NORMAL,admin,False,UNKNOWN_FACE_OR_NO_MATCH,4.59,6.59,0.0,11.54,0.7,234.96,2.18,208.44,472.11,478.7,0.2913,0.0331,3.7428,3.69,0.0022,0.783,0.718,0.68,2d0cb87446489f2b99567922d17fca92a9ad92e87373ce94f3c7c52e8748acf9,207247,402,39.76
2026-09-26 19:47:53,IMPOSTOR_LIVE,NORMAL,admin,False,UNKNOWN_FACE_OR_NO_MATCH,4.62,6.62,0.0,11.42,0.89,236.98,1.53,210.28,474.61,481.23,0.2926,0.0495,3.7137,3.69,0.0023,0.7648,0.7348,0.68,8186b89fe2341b88b53e30187a4de8e9d42e64f19601953cd8209d2cc84fbbcc,207247,403,31.93
2026-09-26 19:47:57,IMPOSTOR_LIVE,NORMAL,admin,False,UNKNOWN_FACE_OR_NO_MATCH,4.64,6.64,0.0,11.53,0.66,242.5,1.52,208.33,477.2,483.84,0.3131,0.0361,3.7627,3.69,0.0021,0.7954,0.7454,0.68,f44eacfa8b59567b40edfc34d6ff3e305d6ff179c383601f341213f433de9bb0,207247,404,35.54
2026-09-26 19:48:02,IMPOSTOR_LIVE,NORMAL,admin,False,UNKNOWN_FACE_OR_NO_MATCH,5.31,7.31,0.0,11.31,0.7,240.88,1.91,210.67,480.14,487.45,0.2897,0.0723,3.7504,3.69,0.0021,0.7877,0.6813,0.68,ee49f08bc21262401d08358a5cc4bf1f7558f2bcc2fcaa2234b5dd7c7cf4bb11,207247,405,32.86
2026-09-26 19:48:09,IMPOSTOR_LIVE,NORMAL,admin,False,UNKNOWN_FACE_OR_NO_MATCH,4.42,6.42,0.0,11.73,0.68,236.25,2.24,211.04,474.82,481.24,0.3138,0.024,3.743,3.69,0.0023,0.7832,0.7523,0.68,bda9097b56082bb008e66a0358cf6f9ce8d7ce0bc17d3d5ef7de57b42f302d99,207247,406,34.93
2026-09-26 19:48:15,IMPOSTOR_LIVE,NORMAL,admin,False,UNKNOWN_FACE_OR_NO_MATCH,5.67,7.67,0.0,11.98,0.71,240.22,1.72,208.25,475.04,482.71,0.3104,0.1853,3.7199,3.69,0.0023,0.7687,0.7817,0.68,f56e02069bf854a4727802ddb894a0e5ac804e4407832f6c3f6a27ede7557e42,207247,407,32.43
2026-09-26 19:48:19,IMPOSTOR_LIVE,NORMAL,admin,False,UNKNOWN_FACE_OR_NO_MATCH,4.72,6.72,0.0,14.49,0.68,234.52,1.4,208.35,471.68,478.4,0.2999,0.1812,3.7597,3.69,0.0021,0.7936,0.6886,0.68,23132b9c21d8a8ec8911fd2067156a578ab0394296d16e34da9054a9e274a90f,207247,408,33.24
2026-09-26 19:48:24,IMPOSTOR_LIVE,NORMAL,admin,False,UNKNOWN_FACE_OR_NO_MATCH,4.67,6.67,0.0,12.24,0.66,237.03,1.5,212.68,477.25,483.92,0.3235,0.0562,3.7351,3.69,0.0023,0.7782,0.7315,0.68,b7db72c4a4bdf05933356e373634a54d8520bd6d7a86beb06ea0f317062031f7,207247,409,29.46
2026-09-26 19:48:31,IMPOSTOR_LIVE,NORMAL,admin,False,UNKNOWN_FACE_OR_NO_MATCH,4.7,6.7,0.0,11.89,0.67,228.41,1.83,208.39,463.72,470.42,0.269,0.0484,3.7496,3.69,0.0021,0.7872,0.7165,0.68,6fc0259cb8a04675dca5a49d1317b43227eb0cf62cf658e855e7463f7a9f58da,207247,410,32.53
2026-09-26 19:48:36,IMPOSTOR_LIVE,NORMAL,admin,True,NONE_GRANTED,4.71,6.71,0.0,11.09,0.66,233.39,1.87,209.45,469.72,476.43,0.2972,0.2211,3.7493,3.69,0.0021,0.787,0.6769,0.68,e6e6fac86a06cb698aeaea118b09a1418acc099c40eb57d51eb77c83c37b3c77,247443,411,31.94
2026-09-26 19:48:41,IMPOSTOR_LIVE,NORMAL,admin,False,UNKNOWN_FACE_OR_NO_MATCH,4.25,6.25,0.0,11.69,0.7,261.04,1.52,209.01,499.02,505.27,0.3031,0.0521,3.7393,3.69,0.0022,0.7808,0.7287,0.68,9e43b35d4db52920e0ed86a91c16a0fae314fe68d8ac25bb17ecf0bdf2fa608f,207247,412,33.9
2026-09-26 19:48:45,IMPOSTOR_LIVE,NORMAL,admin,False,UNKNOWN_FACE_OR_NO_MATCH,4.51,6.51,0.0,11.32,0.75,236.53,1.59,208.83,472.69,479.2,0.3081,0.0887,3.7234,3.69,0.0023,0.7708,0.8006,0.68,24b88726ee7e88e38960601b10f1e06a6d74b2c49b788442a70c2a96ef384e45,207247,413,33.22
2026-09-26 19:48:51,IMPOSTOR_LIVE,NORMAL,admin,False,UNKNOWN_FACE_OR_NO_MATCH,5.97,7.97,0.0,11.23,0.67,221.54,1.52,207.96,455.44,463.41,0.3214,0.0685,3.7649,3.69,0.0021,0.7969,0.8499,0.68,47be551a458cb2e7134b0bc0d8bc1b6a98e3213c7b86fb3fd33e2f4c60890958,207247,414,34.39
2026-09-26 19:48:56,IMPOSTOR_LIVE,NORMAL,admin,False,UNKNOWN_FACE_OR_NO_MATCH,4.56,6.56,0.0,10.9,0.79,220.72,1.45,208.34,454.51,461.07,0.2918,0.0585,3.7744,3.69,0.0021,0.8027,0.8322,0.68,d80e7f0591bedabfa2219a9704aa944a69c2030f264e9bfb45c6050c9779dede,207247,415,33.14
2026-09-26 19:49:00,IMPOSTOR_LIVE,NORMAL,24f0eee7-f336-4b9f-b199-df6d861fd014,False,UNKNOWN_FACE_OR_NO_MATCH,4.32,6.32,0.0,13.77,0.69,226.41,1.44,208.35,465.92,472.24,0.324,0.0539,3.7582,3.69,0.0021,0.7926,0.7951,0.68,25105bbcc98af441b7bc3106f9b350e736669cc86d786004714823bfdc13a533,252417,416,34.76
2026-09-26 19:49:05,IMPOSTOR_LIVE,NORMAL,24f0eee7-f336-4b9f-b199-df6d861fd014,False,UNKNOWN_FACE_OR_NO_MATCH,4.53,6.53,0.0,10.7,0.74,218.23,1.42,211.15,454.8,461.33,0.2266,0.0469,3.7765,3.69,0.002,0.8041,0.8564,0.68,2cfeca18502a480c4fea5088556b0c55e82b876cf6c0a67f57de641e8c0cd2e4,252417,417,36.27
2026-09-26 19:49:09,IMPOSTOR_LIVE,NORMAL,admin,False,UNKNOWN_FACE_OR_NO_MATCH,4.56,6.56,0.0,11.43,0.66,228.26,1.58,209.84,463.65,470.21,0.2952,0.0664,3.7542,3.69,0.0021,0.7902,0.6975,0.68,9ceb0a25b7d000dd9bb6152006d60cd4a779709c3223baff31ab710a352a329f,207247,418,30.22
2026-09-26 19:49:16,IMPOSTOR_LIVE,NORMAL,admin,False,UNKNOWN_FACE_OR_NO_MATCH,4.56,6.56,0.0,12.11,0.66,237.69,2.12,208.73,474.12,480.68,0.3205,0.0325,3.7541,3.69,0.0022,0.79,0.7249,0.68,0a309f8cd6b11cca1d3888b379d9929b4c48c03514b9299bb9b6b2efb3d08507,207247,419,29.73
2026-09-26 19:49:21,IMPOSTOR_LIVE,NORMAL,admin,False,UNKNOWN_FACE_OR_NO_MATCH,4.41,6.41,0.0,11.65,0.69,240.21,1.78,210.32,478.07,484.48,0.3064,0.0312,3.7424,3.69,0.0022,0.7828,0.7232,0.68,fa67fecd49b1b70303476940171a1f22f0345745f71ebfc179de9e7fa48430af,207247,420,31.35
2026-09-26 19:49:25,IMPOSTOR_LIVE,NORMAL,admin,False,UNKNOWN_FACE_OR_NO_MATCH,4.74,6.74,0.0,11.1,0.64,228.29,1.49,208.32,462.02,468.76,0.288,0.0363,3.7439,3.69,0.0021,0.7836,0.7384,0.68,9d5fa7a1fb0b782fcd752d2caf9c064a435a114f4ead549692aea1726a601e9f,207247,421,32.29
2026-09-26 19:49:31,IMPOSTOR_LIVE,NORMAL,admin,False,UNKNOWN_FACE_OR_NO_MATCH,4.45,6.45,0.0,11.53,1.14,235.69,1.29,209.52,471.8,478.25,0.3121,0.1678,3.7441,3.69,0.0021,0.7838,0.7228,0.68,4ac30897997474ce2f9b1de15402c8c0468a959bb5778d3605c767b3538e88ff,207247,422,36.56
2026-09-26 19:49:36,IMPOSTOR_LIVE,NORMAL,admin,False,UNKNOWN_FACE_OR_NO_MATCH,4.66,6.66,0.0,11.72,0.65,233.6,2.15,208.67,469.75,476.41,0.3415,0.0329,3.7521,3.69,0.0021,0.7888,0.7781,0.68,7c43c36b710c3c76b45c6e0d736ba0a4bb5e1a68c6b5ee66c54f3459c1a41ffc,207247,423,33.44
2026-09-26 19:49:41,IMPOSTOR_LIVE,NORMAL,admin,False,UNKNOWN_FACE_OR_NO_MATCH,6.43,8.43,0.0,13.04,0.88,269.92,1.12,213.21,513.84,522.27,0.2748,0.0824,3.7407,3.69,0.0022,0.7817,0.7063,0.68,6a0a9012e01ff6a674789f5cd2cbdd75b51a3f035f28cfb0d1db3469b73976c1,207247,424,30.22
2026-09-26 19:49:46,IMPOSTOR_LIVE,NORMAL,admin,False,UNKNOWN_FACE_OR_NO_MATCH,4.41,6.41,0.0,13.93,0.76,239.43,1.55,209.1,479.87,486.28,0.3195,0.0531,3.7612,3.69,0.0021,0.7945,0.764,0.68,74d59553e909e2d55e9c13bf25a5819fa3e2ef443d6fe1191e6892799933992a,207247,425,31.99
2026-09-26 19:49:51,IMPOSTOR_LIVE,NORMAL,admin,False,UNKNOWN_FACE_OR_NO_MATCH,4.58,6.58,0.0,11.79,0.88,239.6,1.5,208.64,476.11,482.69,0.3073,0.1919,3.7377,3.69,0.0022,0.7798,0.7095,0.68,053dbe11d24673037825af75aec125673c2a37aa7c133851c2896fad2162c126,207247,426,39.82
2026-09-26 19:49:56,IMPOSTOR_LIVE,NORMAL,admin,False,UNKNOWN_FACE_OR_NO_MATCH,4.87,6.87,0.0,11.04,0.67,220.02,1.7,208.07,453.61,460.48,0.2863,0.0181,3.7828,3.69,0.002,0.808,0.8202,0.68,c48659a05b9d1791b4dc48281850f3ecb4094578521668236707f38bf5643f02,207247,427,31.23
2026-09-26 19:50:01,IMPOSTOR_LIVE,NORMAL,admin,False,UNKNOWN_FACE_OR_NO_MATCH,5.03,7.03,0.0,11.42,0.65,225.34,2.01,208.32,459.63,466.66,0.278,0.0366,3.7548,3.69,0.0022,0.7905,0.7503,0.68,4d4428bcdb59ae8184d8cc14007d1417a2d9dd49d383bc46b9e91a197112b1a5,207247,428,31.42
2026-09-26 19:50:05,IMPOSTOR_LIVE,NORMAL,admin,True,NONE_GRANTED,4.65,6.65,0.0,11.14,0.64,230.97,1.58,209.79,466.66,473.31,0.2868,0.1681,3.7406,3.69,0.0022,0.7816,0.6723,0.68,0eb9d82b345823cf9c8f6b0d88fc3fff1777fcfe8b270bca7920b9e5b93edf27,247443,429,33.87
2026-09-26 19:50:09,IMPOSTOR_LIVE,NORMAL,24f0eee7-f336-4b9f-b199-df6d861fd014,False,UNKNOWN_FACE_OR_NO_MATCH,4.3,6.3,0.0,14.98,1.03,217.88,2.12,208.38,457.62,463.92,0.3388,0.0988,3.7995,3.69,0.002,0.8184,0.8136,0.68,d7b5069760421ee58de1dca31998815111d0dbf42a2546e416e7b643be93ce97,252417,430,33.88
2026-09-26 19:50:14,IMPOSTOR_LIVE,NORMAL,admin,False,UNKNOWN_FACE_OR_NO_MATCH,5.56,7.56,0.0,11.5,0.67,230.41,1.61,208.42,464.47,472.03,0.2894,0.0717,3.7352,3.69,0.0022,0.7782,0.738,0.68,bdd35ec8082e5e685556990e4175b9151edfdc618b6d85939be458f444490fac,207247,431,30.62
2026-09-26 19:50:19,IMPOSTOR_LIVE,NORMAL,admin,False,UNKNOWN_FACE_OR_NO_MATCH,4.2,6.2,0.0,11.07,0.67,221.36,1.48,208.42,454.74,460.94,0.2918,0.0486,3.764,3.69,0.0021,0.7962,0.7876,0.68,f85b4bb4ccf9cd976b06bd4d052674e4fc3b4642205eb2d3715552ea47d666be,207247,432,32.98
2026-09-26 19:50:25,IMPOSTOR_LIVE,NORMAL,admin,False,UNKNOWN_FACE_OR_NO_MATCH,4.54,6.54,0.0,12.47,0.73,259.14,2.14,208.05,497.87,504.41,0.3097,0.1323,3.7559,3.69,0.0022,0.7912,0.8519,0.68,cd23602e673fc8569bc12ef7b9e4537035d87912d968d67186166151f1bede01,207247,433,33.89
2026-09-26 19:50:29,IMPOSTOR_LIVE,NORMAL,admin,False,UNKNOWN_FACE_OR_NO_MATCH,4.55,6.55,0.0,12.21,0.77,265.94,1.67,209.15,508.4,514.95,0.3051,0.0547,3.757,3.69,0.0022,0.7918,0.7074,0.68,91a853c3fd1307d8f9ec8e4d5578d16925bb55f2c6c702ad2fbf2d27d0e94992,207247,434,32.22
2026-09-26 19:50:33,IMPOSTOR_LIVE,NORMAL,admin,False,UNKNOWN_FACE_OR_NO_MATCH,4.35,6.35,0.0,12.46,1.12,291.53,1.45,209.79,534.92,541.27,0.2967,0.1258,3.7827,3.69,0.002,0.8079,0.7411,0.68,a288401f201b43ac8ac149a5d2ba30029bdb7fb54899e8e47badd5a5c30f08c9,207247,435,30.11
2026-09-26 19:50:38,IMPOSTOR_LIVE,NORMAL,admin,False,UNKNOWN_FACE_OR_NO_MATCH,4.36,6.36,0.0,13.14,1.07,312.27,1.57,207.85,553.85,560.21,0.3134,0.0512,3.783,3.69,0.002,0.8081,0.7374,0.68,3e5485c8bfdd6b40b98bc8fe505b9b838956a4c019430a75830705889654fc43,207247,436,27.4
2026-09-26 19:50:43,IMPOSTOR_LIVE,NORMAL,admin,False,UNKNOWN_FACE_OR_NO_MATCH,4.68,6.68,0.0,12.39,0.71,253.69,1.68,208.52,493.1,499.78,0.3159,0.0834,3.7794,3.69,0.0021,0.8058,0.9508,0.68,ffd30b827f03f2b61e6296a7dad8d837a8ead6e0c48eb964883bd6ed7ba16c61,207247,437,33.29
2026-09-26 19:50:47,IMPOSTOR_LIVE,NORMAL,admin,False,UNKNOWN_FACE_OR_NO_MATCH,4.64,6.64,0.0,12.61,0.73,258.37,1.85,208.6,498.4,505.04,0.3102,0.0856,3.7806,3.69,0.002,0.8066,0.7762,0.68,cdc4e830f8932c6558c02b4c1bdbe2e54dfac2972ef07f9bdafa354a4e218840,207247,438,31.12
2026-09-26 19:50:51,IMPOSTOR_LIVE,NORMAL,admin,False,UNKNOWN_FACE_OR_NO_MATCH,4.88,6.88,0.0,12.32,0.7,247.9,1.52,208.48,485.25,492.13,0.3032,0.0741,3.765,3.69,0.0021,0.7969,0.8504,0.68,e89ffd58c99c7d4738f2f24ed11dd2937c4fb31cf2abd31459cd8d9802badebf,207247,439,33.85
2026-09-26 19:50:55,IMPOSTOR_LIVE,NORMAL,admin,False,UNKNOWN_FACE_OR_NO_MATCH,4.68,6.68,0.0,11.95,0.68,252.95,1.97,210.07,491.82,498.5,0.3046,0.2111,3.79,3.69,0.0019,0.8125,0.8257,0.68,5a957d21f2a898b29ecb8cdee798baa7375b9eaa3a803561abdab425e2cd09d2,207247,440,31.16
2026-09-26 19:51:02,IMPOSTOR_LIVE,NORMAL,admin,False,UNKNOWN_FACE_OR_NO_MATCH,4.45,6.45,0.0,12.26,0.75,242.7,1.46,208.06,482.28,488.73,0.3242,0.1483,3.7222,3.69,0.0022,0.7702,0.842,0.68,7060c7c35123ac9e2df779233ebac1f563c2bf45ec13bdd99bc658b5336871a2,207247,441,33.61
2026-09-26 19:51:09,IMPOSTOR_LIVE,NORMAL,admin,False,UNKNOWN_FACE_OR_NO_MATCH,4.7,6.7,0.0,14.06,0.88,246.98,2.26,208.08,487.97,494.67,0.3091,0.0721,3.7735,3.69,0.002,0.8022,0.8188,0.68,6f16a756814043e8c512fa4cfe0b27d7177c9a3d194e2c0bed44e1f5dbb83c70,207247,442,32.82
2026-09-26 19:51:13,IMPOSTOR_LIVE,NORMAL,admin,False,UNKNOWN_FACE_OR_NO_MATCH,4.58,6.58,0.0,11.39,0.69,252.68,1.53,208.49,487.35,493.93,0.3,0.063,3.7632,3.69,0.0021,0.7957,0.7556,0.68,db7f138bf17fe7fa4f8e1e8df339daa2f71d1ddee42e60394a14eabb1b6e455b,207247,443,32.75
2026-09-26 19:51:18,IMPOSTOR_LIVE,NORMAL,admin,True,NONE_GRANTED,4.56,6.56,0.0,11.3,0.8,229.77,2.02,209.06,466.01,472.57,0.3072,0.067,3.725,3.69,0.0025,0.7718,0.6574,0.68,0f76c1be9f63a377fd9399d04cc94b58abd861f43dbf5d31fb00cfef0a61c5c6,247443,444,34.93
2026-09-26 19:51:23,IMPOSTOR_LIVE,NORMAL,admin,True,NONE_GRANTED,4.81,6.81,0.0,12.53,0.69,247.26,1.61,208.83,484.64,491.45,0.2947,0.0995,3.724,3.69,0.0024,0.7712,0.6375,0.68,957c1f19242e5a5cc1d851a0d8035e0fdab803f9ddf20f2bbbc6d5bef6b615c5,247443,445,32.28
2026-09-26 19:51:27,IMPOSTOR_LIVE,NORMAL,admin,False,UNKNOWN_FACE_OR_NO_MATCH,4.62,6.62,0.0,12.13,0.75,232.03,1.3,213.46,472.76,479.38,0.3298,0.0408,3.7147,3.69,0.0025,0.7654,0.7382,0.68,fec3928fe86d910d03ebd39a695192c55980e6f53315f5f2e76261b3d454693f,207247,446,33.9
2026-09-26 19:51:32,IMPOSTOR_LIVE,NORMAL,admin,False,UNKNOWN_FACE_OR_NO_MATCH,4.57,6.57,0.0,13.2,0.69,237.3,1.51,209.4,477.09,483.66,0.2887,0.2363,3.7761,3.69,0.0021,0.8038,0.7774,0.68,2a18786b3acd36a8828595ed52128e8e1194991f58730288dc50e2eda4851c05,207247,447,32.02
2026-09-26 19:51:37,IMPOSTOR_LIVE,NORMAL,admin,False,UNKNOWN_FACE_OR_NO_MATCH,4.55,6.55,0.0,12.02,0.69,226.95,2.04,208.86,463.66,470.21,0.2843,0.0469,3.7366,3.69,0.0023,0.7792,0.8351,0.68,00b0d778ce880e274f41bb7f8582ec91a1a1a2faf3981c13ebcf547e4d6dd9b0,207247,448,31.34
2026-09-26 19:51:43,IMPOSTOR_LIVE,NORMAL,admin,False,UNKNOWN_FACE_OR_NO_MATCH,6.16,8.16,0.0,12.25,0.8,276.36,1.66,208.88,516.82,524.98,0.2882,0.065,3.7577,3.69,0.002,0.7923,0.8156,0.68,8811d48b398989691a2b4b2907eb5ba5300c376e5da37ee0723689a69081a97d,207247,449,31.49
2026-09-26 19:51:48,IMPOSTOR_LIVE,NORMAL,admin,False,UNKNOWN_FACE_OR_NO_MATCH,4.46,6.46,0.0,12.6,1.19,234.57,1.7,210.76,476.01,482.47,0.2687,0.0534,3.7168,3.69,0.0025,0.7668,0.8838,0.68,a6a60d51ab9e3f6190d3f5b9cbf5c618e43c784709fbb05ce90c3d1c46475ef5,207247,450,31.75
2026-09-26 19:51:53,IMPOSTOR_LIVE,NORMAL,admin,False,UNKNOWN_FACE_OR_NO_MATCH,4.45,6.45,0.0,12.16,0.75,237.86,1.64,210.52,477.13,483.58,0.2935,0.1132,3.7178,3.69,0.0025,0.7674,0.8404,0.68,67064b262d1a5b9b7b8cb96b29837c702469da7dcd3f16a8b6b7a13eaf471f11,207247,451,31.85
2026-09-26 19:51:58,IMPOSTOR_LIVE,NORMAL,admin,False,UNKNOWN_FACE_OR_NO_MATCH,4.49,6.49,0.0,11.42,0.9,244.13,1.61,208.19,482.02,488.51,0.2841,0.1364,3.7476,3.69,0.0023,0.7859,0.7616,0.68,aeff46ee5e0099e75a55a238fcc5bbb10ff629e0b4177acea2baf3a13ee8a23e,207247,452,34.08
2026-09-26 19:52:02,IMPOSTOR_LIVE,NORMAL,admin,False,UNKNOWN_FACE_OR_NO_MATCH,4.38,6.38,0.0,12.35,0.68,233.48,1.58,207.95,468.36,474.74,0.3204,0.073,3.7305,3.69,0.0024,0.7754,0.6908,0.68,0fb7c9f136f3b2437aad2f550dd2a0a84e952d1257b83c2d7312831e284e4f23,207247,453,36.74
2026-09-26 19:52:08,IMPOSTOR_LIVE,NORMAL,admin,False,UNKNOWN_FACE_OR_NO_MATCH,4.54,6.54,0.0,17.12,1.99,240.98,1.32,210.64,486.47,493.01,0.3065,0.0295,3.7324,3.69,0.0024,0.7765,0.6876,0.68,7ccaf5fe778b2c7fb3cea44d9946f5b7ccd04225c7277a03fc71c5c71e5f1459,207247,454,32.4
2026-09-26 19:52:12,IMPOSTOR_LIVE,NORMAL,admin,True,NONE_GRANTED,4.42,6.42,0.0,11.64,0.68,231.4,1.8,209.13,468.59,475.01,0.3315,0.1321,3.7341,3.69,0.0024,0.7776,0.6723,0.68,498492dda6ca18a5884eb414183f67e56209466c91edaafaffdc25a5a91339cc,247443,455,31.43
2026-09-26 19:52:17,IMPOSTOR_LIVE,NORMAL,admin,True,NONE_GRANTED,4.54,6.54,0.0,11.1,0.66,251.67,2.04,211.5,490.93,497.47,0.345,0.0509,3.7217,3.69,0.0024,0.7698,0.6689,0.68,8f20038449f531919023f68bbb7847e9ab0317d22a217f5c995a081a4b60170f,247443,456,31.99
2026-09-26 19:52:30,IMPOSTOR_LIVE,NORMAL,admin,True,NONE_GRANTED,4.83,6.83,0.0,12.16,0.66,225.84,1.54,209.26,462.92,469.75,0.3226,0.0329,3.7418,3.69,0.0022,0.7824,0.6673,0.68,d8ca493c6654501e5a39d62ce2cae8ba383332ed55aa243eae355df8326ccc08,247431,457,31.29
2026-09-26 19:52:36,IMPOSTOR_LIVE,NORMAL,admin,False,UNKNOWN_FACE_OR_NO_MATCH,4.36,6.36,0.0,12.03,0.69,226.53,1.37,207.84,461.02,467.38,0.357,0.034,3.7576,3.69,0.0021,0.7922,0.7029,0.68,a11213e73cc4f81bdb48448cce9383e6c92f63f8471cdcf5ca87d2eef8197456,207247,458,35.86
2026-09-26 19:52:40,IMPOSTOR_LIVE,NORMAL,admin,True,NONE_GRANTED,4.41,6.41,0.0,12.65,0.67,235.33,1.45,212.03,475.96,482.37,0.3471,0.0198,3.7099,3.69,0.0024,0.7625,0.6615,0.68,7b03337e9bef5e7ee1e9fe049c12f38bde9891c15d8012462075d6259516e090,247443,459,35.46
2026-09-26 19:52:45,IMPOSTOR_LIVE,NORMAL,admin,False,UNKNOWN_FACE_OR_NO_MATCH,4.68,6.68,0.0,11.17,0.67,230.47,1.7,207.91,464.52,471.2,0.3185,0.0222,3.7568,3.69,0.0022,0.7917,0.6985,0.68,31806162c2a5ecffda5cde301f9d7f794377f19be58cfbd853c3db405435ca35,207247,460,32.21
2026-09-26 19:52:50,IMPOSTOR_LIVE,NORMAL,admin,False,UNKNOWN_FACE_OR_NO_MATCH,4.61,6.61,0.0,12.11,0.73,242.66,1.45,208.35,478.64,485.25,0.2961,0.1073,3.7377,3.69,0.0023,0.7798,0.7551,0.68,e2dde978c29960bd22e98a369325082d1afddd2f3f4682aa35fe8bec21e8d449,207247,461,34.29
2026-09-26 19:52:56,IMPOSTOR_LIVE,NORMAL,admin,False,UNKNOWN_FACE_OR_NO_MATCH,4.52,6.52,0.0,12.02,0.68,232.89,1.41,209.07,468.55,475.07,0.344,0.164,3.7338,3.69,0.0023,0.7774,0.8923,0.68,1fa69bdf76ef49be181a156cfce29bff4ddccd4f8bbd2a952208c0a443cf9551,207247,462,31.97
2026-09-26 19:53:01,IMPOSTOR_LIVE,NORMAL,admin,False,UNKNOWN_FACE_OR_NO_MATCH,4.65,6.65,0.0,12.7,0.71,233.5,1.51,208.29,469.47,476.12,0.2902,0.0235,3.7486,3.69,0.0022,0.7867,0.7257,0.68,4f043546cc976198862b4979a0a8b826d1a74ca73630ed2402c0b9f108523193,207247,463,32.87
2026-09-26 19:53:08,IMPOSTOR_LIVE,NORMAL,admin,False,UNKNOWN_FACE_OR_NO_MATCH,4.74,6.74,0.0,11.71,0.72,219.28,1.68,208.64,455.18,461.92,0.3165,0.1258,3.7543,3.69,0.0022,0.7902,0.6995,0.68,85f28fc41a1b88a83cb02d3359a20a68865225ea61cf1759101bfe43059d6b2e,207247,464,34.03
2026-09-26 19:53:13,IMPOSTOR_LIVE,NORMAL,admin,False,UNKNOWN_FACE_OR_NO_MATCH,4.68,6.68,0.0,11.56,0.73,214.7,1.53,208.26,449.28,455.96,0.316,0.0275,3.7766,3.69,0.002,0.8041,0.7338,0.68,c4ddd0eb135e8c1ab7f1f615b9b38e41b494e245939b6b16d24f84325d724581,207247,465,34.08
2026-09-26 19:53:19,IMPOSTOR_LIVE,NORMAL,TEST-001,False,UNKNOWN_FACE_OR_NO_MATCH,4.68,6.68,0.0,11.45,0.69,237.48,1.56,207.9,472.1,478.78,0.3119,0.1018,3.7503,3.69,0.0021,0.7877,0.9629,0.68,e8d020d10d5874c75dd160537675abdce62bfc153b5edaac77a4a79b30df5395,207283,466,33.56
2026-09-26 19:53:24,IMPOSTOR_LIVE,NORMAL,admin,False,UNKNOWN_FACE_OR_NO_MATCH,4.6,6.6,0.0,12.66,0.82,283.3,1.59,208.33,523.51,530.11,0.3264,0.1942,3.7762,3.69,0.0022,0.8038,0.7628,0.68,485fdf93ef09662f9d370a4cfc5a6234468ccf35db42fa3b9a21aee3d08deda9,207247,467,33.91
2026-09-26 19:53:28,IMPOSTOR_LIVE,NORMAL,admin,False,UNKNOWN_FACE_OR_NO_MATCH,5.08,7.08,0.0,12.38,0.66,228.82,1.6,207.76,465.04,472.12,0.3194,0.2172,3.7723,3.69,0.002,0.8014,0.9427,0.68,e1d319448c763e74badb36e1681b0c1ae601f5403bbbd910294b867b5c4a4447,207247,468,35.24
2026-09-26 19:53:32,IMPOSTOR_LIVE,NORMAL,admin,True,NONE_GRANTED,4.48,6.48,0.0,12.28,0.74,231.97,1.52,209.88,469.38,475.86,0.2966,0.0264,3.752,3.69,0.0022,0.7888,0.6787,0.68,c585499dbe084ba24aab0dfdf688f914c1fb778f83ed504c21243180cc4717bc,247443,469,32.69
2026-09-26 19:53:37,IMPOSTOR_LIVE,NORMAL,admin,False,UNKNOWN_FACE_OR_NO_MATCH,4.37,6.37,0.0,12.91,0.67,242.78,2.02,208.6,479.79,486.16,0.2949,0.0868,3.7458,3.69,0.0022,0.7849,0.7923,0.68,157e1bc89cd5fcb278962206f5a2d17f067613cfc5ee03b8d8e765b8746ad131,207247,470,40.25
2026-09-26 19:53:41,IMPOSTOR_LIVE,NORMAL,admin,True,NONE_GRANTED,5.74,7.74,0.0,11.73,0.7,278.78,1.47,212.21,521.5,529.24,0.2803,0.2277,3.751,3.69,0.0022,0.7881,0.6666,0.68,22fe16e09198b8eb0757ccf1cf623709e4312a4f659227e6ad94866833be1eeb,247443,471,27.55
2026-09-26 19:53:47,IMPOSTOR_LIVE,NORMAL,admin,False,UNKNOWN_FACE_OR_NO_MATCH,4.23,6.23,0.0,12.15,0.71,239.26,2.05,209.54,476.09,482.32,0.2946,0.1526,3.7459,3.69,0.0022,0.7849,0.7119,0.68,ba618b7dd52bfa5ddc9f2d65b2b490147e065bcecb963fc26b5ca30da5f525ce,207247,472,32.75
2026-09-26 19:53:51,IMPOSTOR_LIVE,NORMAL,admin,False,UNKNOWN_FACE_OR_NO_MATCH,4.44,6.44,0.0,11.18,0.68,235.93,1.6,208.3,470.48,476.92,0.2968,0.1768,3.7663,3.69,0.0021,0.7977,0.725,0.68,b5184a0d995df3e9966d03566d82c1b6bcd903d64c0a5f6a6d5d093baf1619df,207247,473,36.26
2026-09-26 19:53:56,IMPOSTOR_LIVE,NORMAL,admin,False,UNKNOWN_FACE_OR_NO_MATCH,4.87,6.87,0.0,11.49,0.7,241.96,1.53,207.92,477.03,483.9,0.2988,0.0586,3.7925,3.69,0.0019,0.8141,0.7778,0.68,2c78784e967f499a0028e40d094f93b5a42c906498412ef87d84ac9cb7abbe16,207247,474,37.28
2026-09-26 19:54:01,IMPOSTOR_LIVE,NORMAL,admin,False,UNKNOWN_FACE_OR_NO_MATCH,4.5,6.5,0.0,13.0,0.7,234.59,1.62,208.35,470.95,477.45,0.2993,0.0472,3.7444,3.69,0.0022,0.784,0.7261,0.68,7e150030936dea8791816b22f574ba6d94c879853d64fff883a30eec80f8953e,207247,475,39.29
2026-09-26 19:54:05,IMPOSTOR_LIVE,NORMAL,admin,False,UNKNOWN_FACE_OR_NO_MATCH,4.6,6.6,0.0,11.86,0.68,235.31,1.49,208.13,470.39,476.99,0.2968,0.0576,3.7486,3.69,0.0022,0.7867,0.7368,0.68,7e77d845deec3843b101a870e80d6b0a110390523b5c26139ff7c25beba18cd5,207247,476,32.74
2026-09-26 19:54:12,IMPOSTOR_LIVE,NORMAL,admin,False,UNKNOWN_FACE_OR_NO_MATCH,4.68,6.68,0.0,12.23,0.88,226.06,1.43,207.84,461.3,467.98,0.3117,0.1703,3.7527,3.69,0.0022,0.7892,0.7439,0.68,16301cce35d2c59ca7ec5f502eb49dd063707f051a971c16d88a9638d886bcd0,207247,477,34.36
2026-09-26 19:54:18,IMPOSTOR_LIVE,NORMAL,admin,False,UNKNOWN_FACE_OR_NO_MATCH,5.53,7.53,0.0,11.73,0.66,231.8,1.58,208.05,465.99,473.52,0.2921,0.1741,3.7704,3.69,0.002,0.8003,0.7164,0.68,94ce90118ddfee392e11b7867779290af7c694dd7ec7950d80cdd412587ad025,207247,478,34.53
2026-09-26 19:54:23,IMPOSTOR_LIVE,NORMAL,admin,False,UNKNOWN_FACE_OR_NO_MATCH,4.71,6.71,0.0,11.58,0.68,227.94,1.56,209.21,464.18,470.89,0.3099,0.0461,3.7536,3.69,0.0022,0.7897,0.7255,0.68,9fb370ef4de23363b3f8a9eda643b96e95c4366ff25af097a1c3472722c6127e,207247,479,35.5
2026-09-26 19:54:28,IMPOSTOR_LIVE,NORMAL,admin,False,UNKNOWN_FACE_OR_NO_MATCH,4.66,6.66,0.0,11.06,0.68,222.86,1.61,208.0,456.38,463.04,0.2768,0.1623,3.7818,3.69,0.0021,0.8074,0.7003,0.68,f05684ceac7d071b609a795472b0ce50b5d34e22e03897d59c8da3ca9cc16c6f,207247,480,31.77
2026-09-26 19:54:34,IMPOSTOR_LIVE,NORMAL,admin,False,UNKNOWN_FACE_OR_NO_MATCH,4.47,6.47,0.0,11.1,0.65,229.91,1.51,208.04,463.39,469.86,0.3,0.0439,3.7475,3.69,0.0022,0.7859,0.6957,0.68,a2e67f4a631e64cb26f601efbe0344fb45c5c5bc2f43638649981edae435433f,207247,481,32.75
2026-09-26 19:54:38,IMPOSTOR_LIVE,NORMAL,admin,False,UNKNOWN_FACE_OR_NO_MATCH,4.34,6.34,0.0,10.95,0.64,226.62,1.62,211.23,464.63,470.97,0.2933,0.198,3.698,3.69,0.0024,0.755,0.7503,0.68,3fc53747032e62f06d0590c28ef7d731d0231435a020e293504fcf22f384a971,207247,482,32.85
2026-09-26 19:54:43,IMPOSTOR_LIVE,NORMAL,admin,False,UNKNOWN_FACE_OR_NO_MATCH,7.81,9.81,0.0,12.53,0.67,226.5,1.96,208.98,463.22,473.03,0.3256,0.0639,3.7801,3.69,0.0021,0.8063,0.8206,0.68,b7f60ed4090be6dce1dbddc9662f38d505db5792cb9272e89bea9eb58d5b38a4,207247,483,34.31
2026-09-26 19:54:47,IMPOSTOR_LIVE,NORMAL,24f0eee7-f336-4b9f-b199-df6d861fd014,False,UNKNOWN_FACE_OR_NO_MATCH,4.25,6.25,0.0,12.06,0.64,218.41,1.76,208.81,455.4,461.65,0.2779,0.233,3.7147,3.69,0.0024,0.7654,0.8233,0.68,a3e0f55755d8b179abf62091c5e858836f8129e8bb9d468c514cebad49d70a5e,252417,484,36.32
2026-09-26 19:54:52,IMPOSTOR_LIVE,NORMAL,admin,False,UNKNOWN_FACE_OR_NO_MATCH,4.27,6.27,0.0,12.46,0.65,227.75,1.49,208.01,462.54,468.81,0.2968,0.0497,3.7699,3.69,0.0021,0.7999,0.7504,0.68,edec45f72d44c42772318a0864d91ef89ccf579bff0064d6dca767c203397faa,207247,485,31.36
2026-09-26 19:54:59,IMPOSTOR_LIVE,NORMAL,admin,False,UNKNOWN_FACE_OR_NO_MATCH,4.49,6.49,0.0,13.66,0.95,306.77,1.53,207.77,547.61,554.1,0.3071,0.0867,3.7566,3.69,0.0023,0.7916,0.7395,0.68,005186eccf0e06b7f4e1cff99496d841e937e691d023a60240c93d1c60534ded,207247,486,34.59
2026-09-26 19:55:03,IMPOSTOR_LIVE,NORMAL,admin,False,UNKNOWN_FACE_OR_NO_MATCH,4.25,6.25,0.0,12.23,0.81,251.16,1.57,208.44,488.94,495.19,0.2947,0.0727,3.7654,3.69,0.0022,0.7972,0.768,0.68,084056ccc3755739e303479482fbc440e4acb078f65826d7d94fc06019de7aad,207235,487,35.31
2026-09-26 19:55:08,IMPOSTOR_LIVE,NORMAL,admin,False,UNKNOWN_FACE_OR_NO_MATCH,4.42,6.42,0.0,12.5,0.7,244.04,1.58,208.24,481.57,487.99,0.3187,0.0593,3.7411,3.69,0.0022,0.7819,0.7278,0.68,ccc26b251f2c52a37f1e0fbf31314abf9cf090a81ce85183ff4d3ba6ccf3cd06,207247,488,34.62
2026-09-26 19:55:12,IMPOSTOR_LIVE,NORMAL,TEST-001,False,UNKNOWN_FACE_OR_NO_MATCH,4.27,6.27,0.0,11.99,0.74,259.71,1.79,211.09,507.26,513.53,0.3286,0.1031,3.7634,3.69,0.002,0.7958,0.8541,0.68,1886ebea92fa44f02509b948b815c6cfa4f491fb50c722ae72a6fc37e5b6617d,207283,489,36.25
2026-09-26 19:55:17,IMPOSTOR_LIVE,NORMAL,admin,False,UNKNOWN_FACE_OR_NO_MATCH,4.41,6.41,0.0,11.22,0.76,268.42,1.51,210.89,508.22,514.63,0.3001,0.0532,3.7765,3.69,0.0021,0.8041,0.7542,0.68,ffb6a4f0d8d58a61580ee917442d2fa4ed8cdc0e3c1f0d16740f9459bb50e269,207247,490,31.8
2026-09-26 19:55:21,IMPOSTOR_LIVE,NORMAL,admin,False,UNKNOWN_FACE_OR_NO_MATCH,4.3,6.3,0.0,12.58,0.87,232.94,3.35,207.95,470.27,476.57,0.3064,0.0624,3.78,3.69,0.0021,0.8062,0.7871,0.68,65907ac2b157d9c4e3605ec3b8074d1a48f038ef2e987e9743fb0280a838dbf1,207247,491,33.71
2026-09-26 19:55:25,IMPOSTOR_LIVE,NORMAL,admin,False,UNKNOWN_FACE_OR_NO_MATCH,4.35,6.35,0.0,12.82,0.66,231.25,1.55,208.04,466.57,472.92,0.2378,0.0624,3.772,3.69,0.0021,0.8012,0.8272,0.68,cb42ef6817f1f1651e5dbd2b14f2cc6312188dcdd19be7fc6dda1bf6e34abd08,207247,492,32.72
2026-09-26 19:55:31,IMPOSTOR_LIVE,NORMAL,admin,False,UNKNOWN_FACE_OR_NO_MATCH,4.49,6.49,0.0,13.92,1.27,317.67,1.61,208.02,560.99,567.48,0.2863,0.2014,3.7732,3.69,0.0021,0.802,0.8618,0.68,fef00da730e23afd23bc2f36e52fea2457c9c1dfe398c3c3d07b9095fae517e9,207247,493,31.36
2026-09-26 19:55:36,IMPOSTOR_LIVE,NORMAL,UNKNOWN,False,SPOOFING_DETECTED,4.43,6.43,0.0,12.46,0.65,0.0,0.0,208.74,233.19,239.62,0.2883,0.1622,3.6804,3.69,0.0025,0.744,0.0,0.68,af7a13500f09406069e403a08b39bd91766f5f39f8bd581d78cc69bc9d941f86,187347,494,38.81
2026-09-26 19:55:41,IMPOSTOR_LIVE,NORMAL,TEST-001,False,UNKNOWN_FACE_OR_NO_MATCH,5.15,7.15,0.0,12.11,0.65,223.02,2.0,209.22,458.96,466.11,0.2292,0.1877,3.8109,3.69,0.0018,0.8256,0.8747,0.68,a1cb07c2a6926bd55f9df56fb022c619e4130c1261ab93cb66d6a8cb8313f21b,207283,495,35.68
2026-09-26 19:55:47,IMPOSTOR_LIVE,NORMAL,admin,False,UNKNOWN_FACE_OR_NO_MATCH,4.64,6.64,0.0,11.15,0.65,232.52,1.77,207.65,466.56,473.2,0.3049,0.0392,3.7782,3.69,0.002,0.8051,0.8166,0.68,4c9014080f23c83a649f7c067c0a8aabdcabd0f1d146bcd6e98b617cb8a35ed9,207247,496,32.57
2026-09-26 19:55:51,IMPOSTOR_LIVE,NORMAL,admin,False,UNKNOWN_FACE_OR_NO_MATCH,4.74,6.74,0.0,11.45,0.67,235.44,1.77,208.38,470.29,477.03,0.3109,0.2015,3.7699,3.69,0.0021,0.7999,0.7463,0.68,a795d996a49bdad951eb537e7b579af73acef4101c20b3cf24e9341fa794cc71,207247,497,34.87
2026-09-26 19:55:59,IMPOSTOR_LIVE,NORMAL,admin,False,UNKNOWN_FACE_OR_NO_MATCH,4.36,6.36,0.0,12.0,1.39,233.69,1.86,208.66,470.04,476.4,0.2926,0.0387,3.7637,3.69,0.0022,0.796,0.7457,0.68,c5f8519d92164316560133350f6dfec773e7be265685bf31622411ce50d0655c,207247,498,32.99
2026-09-26 19:56:05,IMPOSTOR_LIVE,NORMAL,admin,False,UNKNOWN_FACE_OR_NO_MATCH,4.83,6.83,0.0,11.6,0.81,235.78,1.96,208.12,471.23,478.06,0.3128,0.113,3.7914,3.69,0.0019,0.8134,0.7828,0.68,b6951c7556f7cbbbb49b5a3f169b6a2be44fc117cbd3d1125b1ce1b205b8f45a,207247,499,32.36
2026-09-26 19:56:11,IMPOSTOR_LIVE,NORMAL,admin,False,UNKNOWN_FACE_OR_NO_MATCH,4.58,6.58,0.0,11.54,0.69,234.84,1.52,208.21,469.27,475.85,0.3041,0.125,3.7685,3.69,0.0021,0.7991,0.7972,0.68,0838abfde7185ea8ccf7490681548030533c89f095700c035a96f7b4e4116af2,207247,500,33.26
2026-09-26 19:56:16,IMPOSTOR_LIVE,NORMAL,admin,False,UNKNOWN_FACE_OR_NO_MATCH,4.81,6.81,0.0,15.18,0.65,228.95,1.4,209.3,468.7,475.51,0.2833,0.0483,3.7608,3.69,0.0021,0.7942,0.7287,0.68,490dc40f5f5c9171de3ec91c40d3ab3127816133f9956c047f93c90225ff448e,207247,501,33.04
2026-09-26 19:56:22,IMPOSTOR_LIVE,NORMAL,admin,False,UNKNOWN_FACE_OR_NO_MATCH,4.51,6.51,0.0,11.34,0.75,234.03,1.58,207.86,468.36,474.87,0.3062,0.0402,3.774,3.69,0.0021,0.8025,0.7388,0.68,96d87e787813a443f7bf076fe7a31c975e943342d7e463a7133583415c1b81a5,207247,502,33.54
2026-09-26 19:56:27,IMPOSTOR_LIVE,NORMAL,admin,False,UNKNOWN_FACE_OR_NO_MATCH,4.56,6.56,0.0,11.9,0.68,231.49,1.66,209.53,467.99,474.55,0.2713,0.1019,3.7892,3.69,0.002,0.812,0.8057,0.68,c5ab96c23d8798db07b6f797efa85f4069288846479d7538327f8337c42a5a95,207247,503,33.77
2026-09-26 19:56:31,IMPOSTOR_LIVE,NORMAL,admin,False,UNKNOWN_FACE_OR_NO_MATCH,4.23,6.23,0.0,12.35,0.67,234.51,1.49,208.57,469.68,475.91,0.3046,0.0496,3.7828,3.69,0.0021,0.808,0.8184,0.68,302aec15a3aa2baebf1b78a179b105614c61daab78ffc7fc022b04470b2a256a,207247,504,32.82
2026-09-26 19:56:36,IMPOSTOR_LIVE,NORMAL,admin,False,UNKNOWN_FACE_OR_NO_MATCH,4.45,6.45,0.0,12.85,0.66,228.14,1.96,209.8,466.95,473.4,0.3036,0.0685,3.781,3.69,0.002,0.8069,0.7128,0.68,f719408a934ee8e01dfc46c227a4a3d6ef4993d70d29d8688d03f3359b81c0e0,207247,505,34.49
2026-09-26 19:56:41,IMPOSTOR_LIVE,NORMAL,admin,False,UNKNOWN_FACE_OR_NO_MATCH,4.72,6.72,0.0,14.07,0.67,271.52,1.64,209.25,510.06,516.78,0.2738,0.0637,3.7639,3.69,0.0021,0.7962,0.7607,0.68,d5a6f57169a163fa54f0e7255225bc64ac2d2277d14abcdca70ab03df3aa136b,207247,506,31.07
2026-09-26 19:56:47,IMPOSTOR_LIVE,NORMAL,admin,False,UNKNOWN_FACE_OR_NO_MATCH,4.43,6.43,0.0,11.48,0.7,224.75,1.55,208.1,459.27,465.7,0.252,0.0474,3.7582,3.69,0.0022,0.7927,0.8121,0.68,68dcbef04c834c7668cff7673cd604aeaf54106759a0906bc60cd2434b51d5c8,207247,507,35.35
2026-09-26 19:56:53,IMPOSTOR_LIVE,NORMAL,admin,False,UNKNOWN_FACE_OR_NO_MATCH,4.43,6.43,0.0,13.05,0.81,232.06,1.49,207.65,467.99,474.42,0.2465,0.0469,3.7808,3.69,0.0021,0.8068,0.7804,0.68,3db439148a1b5f2ee7eb601577c3a476e90da4737273b5c99c80c6bcc530cf73,207247,508,34.48
2026-09-26 19:56:58,IMPOSTOR_LIVE,NORMAL,admin,False,UNKNOWN_FACE_OR_NO_MATCH,4.36,6.36,0.0,12.26,0.7,235.95,1.67,208.6,471.69,478.05,0.2549,0.0401,3.7274,3.69,0.0022,0.7734,0.811,0.68,f555ceb2e8968c970e092445ddba1ff2114b0712d1bd4e2a73a268178af9cb4f,207247,509,33.53
2026-09-26 19:57:07,IMPOSTOR_LIVE,NORMAL,admin,False,UNKNOWN_FACE_OR_NO_MATCH,4.39,6.39,0.0,13.53,0.82,279.76,1.47,208.12,520.46,526.85,0.297,0.2139,3.7819,3.69,0.002,0.8074,0.8297,0.68,8ca4acd962f55854fb66d08c71ae50cd579691148d86504b0dbf9280b56356a5,207247,510,34.74
2026-09-26 19:57:12,IMPOSTOR_LIVE,NORMAL,admin,False,UNKNOWN_FACE_OR_NO_MATCH,4.93,6.93,0.0,15.36,1.07,277.0,1.74,208.41,521.12,528.05,0.3099,0.0941,3.7834,3.69,0.0022,0.8084,0.7649,0.68,33a0b9d36ca914e2b9da3460f55f98058dce739c438b7cc7910d45e67c0a893a,207247,511,34.39
2026-09-26 20:04:45,LIVE_USER,NORMAL,admin,True,NONE_GRANTED,4.63,6.63,0.0,11.64,0.65,279.86,1.13,209.79,516.38,523.01,0.3048,0.0214,3.7375,3.69,0.0022,0.7796,0.2516,0.68,eaac12dd839732bb9a76cfebf5b4df819a42e0512bbadaca75e92c87873fccca,247443,512,38.83
2026-09-26 20:04:50,LIVE_USER,NORMAL,admin,True,NONE_GRANTED,4.81,6.81,0.0,11.76,0.76,234.44,1.75,209.58,473.6,480.41,0.2661,0.0337,3.7491,3.69,0.002,0.7869,0.2931,0.68,73afab84b342b98e82e3bac737161d1f38c6a97b5238ed46476ecf8cdca363c7,247443,513,36.66
2026-09-26 20:04:54,LIVE_USER,NORMAL,admin,True,NONE_GRANTED,4.98,6.98,0.0,12.19,0.69,258.74,1.45,209.51,497.99,504.97,0.2484,0.0289,3.7262,3.69,0.0023,0.7727,0.2633,0.68,8dd9631136104de2f4511b38c0157b7429230860b09d246e79776c7bae9ce7fe,247443,514,33.73
2026-09-26 20:05:00,LIVE_USER,NORMAL,admin,True,NONE_GRANTED,4.5,6.5,0.0,12.42,0.75,237.89,1.48,209.78,476.94,483.44,0.2641,0.0436,3.7437,3.69,0.0022,0.7836,0.3055,0.68,eeb9799e47c5582e1b93dedda1fe76bf56616eede783524240ac71df44f08c04,247443,515,36.61
2026-09-26 20:05:05,LIVE_USER,NORMAL,admin,True,NONE_GRANTED,6.39,8.39,0.0,15.02,0.69,245.05,1.58,213.03,489.6,497.99,0.1956,0.058,3.7485,3.69,0.0021,0.7866,0.37,0.68,4a72baceb29596e4ea6230a237390b1e98217b37b1fce82afd84b9efbc0e6a38,247443,516,37.7
2026-09-26 20:05:09,LIVE_USER,NORMAL,admin,True,NONE_GRANTED,4.67,6.67,0.0,13.95,0.68,251.37,1.46,211.02,493.19,499.86,0.2852,0.2098,3.7464,3.69,0.0022,0.7852,0.311,0.68,fe170a0c4e68c408bda12825d988902328cb5c85e3cbd64319ea288a1dd8c03c,247443,517,34.48
2026-09-26 20:05:14,LIVE_USER,NORMAL,admin,True,NONE_GRANTED,4.44,6.44,0.0,11.35,0.69,242.03,1.61,211.64,484.45,490.89,0.2689,0.0348,3.7732,3.69,0.002,0.802,0.4087,0.68,0c093b2b27ad2ec83e25c0fbfce5d3c970d005afcbb27e9d1f4e9b478ecc8dbb,247443,518,35.19
2026-09-26 20:05:20,LIVE_USER,NORMAL,admin,False,UNKNOWN_FACE_OR_NO_MATCH,4.59,6.59,0.0,11.75,0.68,273.62,1.69,208.67,516.01,522.6,0.2919,0.0566,3.758,3.69,0.0022,0.7925,0.7661,0.68,1df6e200e70b2c1bf795deaf4845e2e7dd19956bbd1ea64fb2155a10a30e4915,207247,519,34.73
2026-09-26 20:05:26,LIVE_USER,NORMAL,admin,True,NONE_GRANTED,4.41,6.41,0.0,11.18,0.71,1145.26,1.12,209.74,1383.52,1389.93,0.3321,0.0309,3.7455,3.69,0.0023,0.7847,0.2608,0.68,f6398fda6671ea12869018ba74949546656b98d634ceb267933b65137eff1523,247443,520,32.63
2026-09-26 20:05:30,LIVE_USER,NORMAL,admin,True,NONE_GRANTED,4.88,6.88,0.0,12.07,0.67,251.4,1.52,209.42,492.77,499.65,0.2892,0.0339,3.7407,3.69,0.0022,0.7817,0.2207,0.68,15df94aaf3c46328f5560bf5bb6785836ba961e0c8e24d1141d4345226187cde,247443,521,32.72
2026-09-26 20:05:36,LIVE_USER,NORMAL,admin,True,NONE_GRANTED,4.32,6.32,0.0,11.96,0.68,262.47,1.84,209.41,503.01,509.33,0.2645,0.0408,3.7659,3.69,0.002,0.7974,0.342,0.68,b1659013a4f18b84a24cd78a81ec7587195564e1b7052cc50082b15c3bcc7429,247443,522,33.79
2026-09-26 20:05:40,LIVE_USER,NORMAL,admin,False,UNKNOWN_FACE_OR_NO_MATCH,4.41,6.41,0.0,13.38,0.76,282.38,1.51,215.34,545.42,551.83,0.3286,0.0858,3.7713,3.69,0.0022,0.8008,0.9575,0.68,b781c475ff2582b1ee4bf6fd46e30aaac23afc3dfe13c30d4123069aec823247,207247,523,38.3
2026-09-26 20:05:46,LIVE_USER,NORMAL,admin,True,NONE_GRANTED,4.46,6.46,0.0,11.05,0.67,255.32,1.4,211.79,496.8,503.26,0.3271,0.062,3.7654,3.69,0.0021,0.7971,0.2602,0.68,eddd2af6fef8731244890c57b96415dec53d5f62812f3a97125cdf8fca58d1a9,247443,524,34.84
2026-09-26 20:05:50,LIVE_USER,NORMAL,admin,True,NONE_GRANTED,4.57,6.57,0.0,12.77,0.73,244.61,1.43,211.08,486.4,492.97,0.3347,0.0471,3.7401,3.69,0.0022,0.7814,0.3814,0.68,ed5179ff24a9c3a0b8d7653715c42b30d255fa51d49b7ceedfb029e7a11c8481,247431,525,33.05
2026-09-26 20:05:57,LIVE_USER,NORMAL,admin,True,NONE_GRANTED,4.54,6.54,0.0,12.12,0.69,253.25,1.51,209.44,496.24,502.78,0.2945,0.0763,3.7336,3.69,0.0022,0.7772,0.4681,0.68,44c7bf4cacbdf347b43cf7f9a7f7ff358376e9fdc73c6a76e2f873b1768000e7,247431,526,36.8
2026-09-26 20:06:03,LIVE_USER,NORMAL,admin,True,NONE_GRANTED,5.03,7.03,0.0,12.1,0.67,232.72,1.69,209.42,470.88,477.91,0.2919,0.0522,3.7461,3.69,0.0022,0.785,0.2887,0.68,db30d39f1f9d1e491257ef5a69abf9a87ebc2cd8491b5d5177e987cb471a7bec,247431,527,34.08
2026-09-26 20:06:08,LIVE_USER,NORMAL,admin,True,NONE_GRANTED,4.44,6.44,0.0,12.47,0.7,244.48,1.43,209.25,481.9,488.34,0.261,0.167,3.7221,3.69,0.0023,0.7701,0.2353,0.68,1cf4c0b674950f5cb2058995ac81b65cae4ff52af6f2ff142c47ec89f302321d,247443,528,34.32
2026-09-26 20:06:14,LIVE_USER,NORMAL,admin,True,NONE_GRANTED,4.39,6.39,0.0,13.22,0.72,237.44,1.54,209.78,476.88,483.27,0.269,0.0291,3.7356,3.69,0.0022,0.7785,0.2703,0.68,96571c0956a812d99d617c2a25f46a589688b7f7f28d25bd6a7aaf0bb880c18a,247443,529,34.07
2026-09-26 20:06:19,LIVE_USER,NORMAL,admin,True,NONE_GRANTED,5.35,7.35,0.0,12.43,0.71,249.61,1.9,209.72,489.07,496.42,0.2572,0.1006,3.7507,3.69,0.0021,0.7879,0.2511,0.68,7163f5f500f2909983c7fb795a5af890c614e855255e09585a03037e4eb41a99,247443,530,34.42
2026-09-26 20:06:24,LIVE_USER,NORMAL,admin,True,NONE_GRANTED,4.9,6.9,0.0,11.84,0.68,238.21,1.47,210.01,477.2,484.1,0.2546,0.0282,3.7427,3.69,0.0022,0.783,0.2017,0.68,e1fedc6024cee5e6cadf27ea5c5fcdbe356528ef96116ec3fa1322c5763f6efe,247443,531,32.58
2026-09-26 20:06:30,LIVE_USER,NORMAL,admin,True,NONE_GRANTED,4.56,6.56,0.0,12.84,0.67,251.8,1.62,209.5,492.29,498.85,0.287,0.1305,3.7408,3.69,0.0021,0.7817,0.2456,0.68,ef73aac437cb7ebce402b4a41c22eb8c437f8813cd9c9d0747740eba934a6a2c,247431,532,32.58
2026-09-26 20:06:34,LIVE_USER,NORMAL,admin,True,NONE_GRANTED,4.37,6.37,0.0,12.13,0.67,246.61,1.47,209.64,484.07,490.44,0.2689,0.1697,3.7391,3.69,0.0022,0.7807,0.22,0.68,8cd6153465dccb0d7c4ec546739e6c129a6164b71748e2c877eef46c390b4df8,247443,533,34.1
2026-09-26 20:06:39,LIVE_USER,NORMAL,admin,True,NONE_GRANTED,4.6,6.6,0.0,12.26,1.43,254.89,1.47,209.47,494.12,500.72,0.2896,0.0317,3.7409,3.69,0.0022,0.7818,0.2282,0.68,10ea3f2e2fd84cb8453a0a3ed47d689d12b242c9c2579ee081945848c08a18cd,247443,534,32.06
2026-09-26 20:06:45,LIVE_USER,NORMAL,admin,True,NONE_GRANTED,4.44,6.44,0.0,13.61,0.86,239.27,1.35,210.24,480.18,486.62,0.2762,0.0422,3.7377,3.69,0.0022,0.7798,0.2907,0.68,14306509cc30ff86f4431b66a1013dfc29a6dc6bf527292c333d06b29c4f174c,247443,535,34.18
2026-09-26 20:06:54,LIVE_USER,NORMAL,admin,True,NONE_GRANTED,4.38,6.38,0.0,13.31,0.7,246.85,1.55,210.72,487.7,494.08,0.265,0.0272,3.7348,3.69,0.0023,0.7779,0.2729,0.68,db62e4fbd70582cb9114fddefaa3804866a019a76c64802d144636922332bed0,247431,536,36.63
2026-09-26 20:07:01,LIVE_USER,NORMAL,admin,True,NONE_GRANTED,4.43,6.43,0.0,11.84,0.7,237.32,1.42,209.66,476.72,483.15,0.3411,0.033,3.7277,3.69,0.0023,0.7736,0.2292,0.68,3d80c04ffb9845885989988e28faab68eff2b08b3ae2c30414ecc75a034cce0e,247443,537,34.29
2026-09-26 20:07:07,LIVE_USER,NORMAL,admin,False,UNKNOWN_FACE_OR_NO_MATCH,4.51,6.51,0.0,12.88,0.72,255.47,1.43,208.76,498.14,504.65,0.2713,0.1911,3.724,3.69,0.0023,0.7712,0.9434,0.68,2b485a6d20eeb12d5f2788457cca1960a945fd7597044a75ba7d2a0628d2d198,207247,538,30.96
2026-09-26 20:07:12,LIVE_USER,NORMAL,admin,True,NONE_GRANTED,4.35,6.35,0.0,11.39,0.68,239.91,1.42,209.44,478.84,485.19,0.3019,0.0264,3.7436,3.69,0.0022,0.7835,0.329,0.68,edd7c78df38d1cb84e011ee7630e2f2862ed18727b8b620228e595b61990f2bf,247443,539,32.7
2026-09-26 20:07:18,LIVE_USER,NORMAL,admin,True,NONE_GRANTED,4.44,6.44,0.0,11.3,0.69,249.55,1.57,211.52,489.46,495.9,0.2703,0.1642,3.7268,3.69,0.0024,0.773,0.2409,0.68,a1931b21685217aa369fa8792bcfc79bc15bdfda40bd6eda851f986c540bef37,247443,540,38.42
2026-09-26 20:07:28,LIVE_USER,NORMAL,admin,True,NONE_GRANTED,4.63,6.63,0.0,11.76,0.69,246.17,1.92,209.68,486.23,492.86,0.2964,0.0243,3.72,3.69,0.0023,0.7688,0.2404,0.68,78c57cb066e9b5cce853b1e95987dbb3e3e607f2c873cf997e0e8c5dfa163c16,247443,541,37.64
2026-09-26 20:07:34,LIVE_USER,NORMAL,admin,False,UNKNOWN_FACE_OR_NO_MATCH,4.48,6.48,0.0,12.51,0.7,273.08,1.52,208.35,516.27,522.75,0.2628,0.0398,3.7144,3.69,0.0024,0.7652,0.8145,0.68,34ff5587a66c22cefced65c4a5016a92547f6d307d37b6f2b7a73822e18365c6,207247,542,32.12
2026-09-26 20:07:39,LIVE_USER,NORMAL,admin,True,NONE_GRANTED,4.3,6.3,0.0,12.89,0.71,288.19,1.48,210.09,530.5,536.8,0.3146,0.0361,3.7359,3.69,0.0024,0.7787,0.2203,0.68,4b0eb6eb29c3bb9762b2709c634d2c7a7bc7205d97b6d089291ee990f7cbe574,247443,543,33.7
2026-09-26 20:07:48,LIVE_USER,NORMAL,admin,False,UNKNOWN_FACE_OR_NO_MATCH,4.55,6.55,0.0,12.02,0.68,192.62,1.31,210.73,432.09,438.64,0.2745,0.1496,3.7098,3.69,0.0024,0.7624,0.9481,0.68,a568aa39dafaeee2a7162575446b3f10343e34e721d6a17414359383fab48448,207247,544,30.9
2026-09-26 20:07:54,LIVE_USER,NORMAL,admin,True,NONE_GRANTED,4.23,6.23,0.0,11.66,0.78,265.64,1.49,209.89,505.19,511.42,0.2845,0.0416,3.7379,3.69,0.0023,0.7799,0.2832,0.68,45b5fa1c16598fd27cbbca0e70466214aae2018875e60981ad5d48e251165c3e,247431,545,44.97
2026-09-26 20:07:59,LIVE_USER,NORMAL,admin,True,NONE_GRANTED,4.7,6.7,0.0,11.5,0.68,256.02,1.59,211.6,497.77,504.47,0.2612,0.0262,3.7392,3.69,0.0023,0.7808,0.2649,0.68,6489babec0ccbfc7d51cc55fe636ddeb9c53a6a7453a0fe25056b8cd62578dae,247443,546,34.88
2026-09-26 20:08:04,LIVE_USER,NORMAL,admin,True,NONE_GRANTED,4.24,6.24,0.0,12.62,0.94,248.32,1.68,209.0,492.76,499.0,0.2635,0.0311,3.7254,3.69,0.0022,0.7722,0.289,0.68,d62f11364ef35614ea1f8acb6664b269e14f7a93a2feeeb406e287f3fa65e874,247443,547,32.93
2026-09-26 20:08:09,LIVE_USER,NORMAL,admin,True,NONE_GRANTED,4.9,6.9,0.0,13.61,0.69,257.34,1.97,209.15,497.3,504.2,0.284,0.0306,3.7252,3.69,0.0022,0.772,0.2806,0.68,01914d66db4b5da7911f6a42f0939169325ebc1243ed1121e132afe11d4cb9f8,247443,548,34.51
2026-09-26 20:08:15,LIVE_USER,NORMAL,admin,False,UNKNOWN_FACE_OR_NO_MATCH,4.43,6.43,0.0,11.22,0.68,261.54,1.95,208.7,506.58,513.01,0.2797,0.0531,3.7204,3.69,0.0024,0.769,0.9109,0.68,2a2075748072da412f32be0b3adc107f07540d19e78d932630a13b7c1542eac1,207247,549,34.76
2026-09-26 20:08:20,LIVE_USER,NORMAL,admin,False,UNKNOWN_FACE_OR_NO_MATCH,4.38,6.38,0.0,11.65,0.7,256.97,1.67,208.66,499.95,506.33,0.3303,0.087,3.7333,3.69,0.0024,0.777,0.6906,0.68,f5a7d3be26d5c33370d07b4f7b958f1a8fb856ab0f8201b1634710e1ed8c0e29,207247,550,34.97
2026-09-26 20:08:26,LIVE_USER,NORMAL,admin,True,NONE_GRANTED,4.43,6.43,0.0,13.25,1.38,267.97,1.61,209.6,511.49,517.92,0.3224,0.0383,3.7338,3.69,0.0023,0.7774,0.2201,0.68,1ff492ab72bfe9f99577d402c19985b061bbaca2c84aeca8603c78337c63f2fe,247443,551,34.19
2026-09-26 20:08:31,LIVE_USER,NORMAL,admin,True,NONE_GRANTED,4.32,6.32,0.0,12.15,0.91,270.08,1.56,209.49,512.19,518.51,0.3155,0.0349,3.738,3.69,0.0022,0.78,0.2162,0.68,d21a2a4137318558e0e7c1e6138e135fb71e1ff6f525d276042722823c701fd2,247443,552,35.14
2026-09-26 20:08:37,LIVE_USER,NORMAL,admin,True,NONE_GRANTED,4.28,6.28,0.0,12.82,1.2,263.17,1.57,212.01,506.45,512.73,0.3003,0.0317,3.7425,3.69,0.0022,0.7828,0.2394,0.68,b285ce703d1d0ea032eaccd4244f0f47bbb7ea7cf900bc4a23f7ace5f920f49e,247443,553,34.02
2026-09-26 20:08:43,LIVE_USER,NORMAL,admin,True,NONE_GRANTED,4.55,6.55,0.0,12.13,0.71,271.6,1.45,210.29,512.34,518.89,0.2863,0.0405,3.7333,3.69,0.0023,0.7771,0.2572,0.68,d9e4c1ff9bd9092e6ff6aeb504ac3e64da89ceb2c4dc5a55cda2c3aaeecafeb1,247443,554,34.73
2026-09-26 20:08:50,LIVE_USER,NORMAL,admin,True,NONE_GRANTED,4.4,6.4,0.0,12.92,0.71,265.14,1.43,209.28,504.47,510.87,0.2757,0.0445,3.7443,3.69,0.0021,0.7839,0.2747,0.68,c8aec20627c6be235e4c558d39f859845270c62d3ce4dcad2aa026c2df5404d5,247443,555,33.4
2026-09-26 20:08:56,LIVE_USER,NORMAL,admin,True,NONE_GRANTED,4.66,6.66,0.0,11.26,0.77,273.09,1.54,209.8,512.69,519.35,0.2914,0.0645,3.7596,3.69,0.002,0.7935,0.343,0.68,b261d3fba15fe1b59d07ba595e7aae790498fde559eca75d2f36f0e2ee787c61,247443,556,37.55
2026-09-26 20:09:00,LIVE_USER,NORMAL,admin,True,NONE_GRANTED,5.25,7.25,0.0,13.09,0.71,257.88,1.4,209.77,498.36,505.61,0.3012,0.0339,3.7501,3.69,0.0021,0.7876,0.3699,0.68,4e58ab5055392616a671a9f5da00fc6e2fc503184b9af3d7885e0d7ff7b964ca,247443,557,36.2
2026-09-26 20:09:05,LIVE_USER,NORMAL,admin,True,NONE_GRANTED,4.98,6.98,0.0,12.48,0.71,296.7,1.16,209.15,537.38,544.36,0.3412,0.046,3.7488,3.69,0.0021,0.7868,0.4191,0.68,89621e2a304d6b28502887bacc4712aea59f4bf14309dfec9991717cbd6ee437,247443,558,34.04
2026-09-26 20:09:10,LIVE_USER,NORMAL,admin,True,NONE_GRANTED,4.89,6.89,0.0,12.06,0.7,251.97,1.46,209.67,492.08,498.97,0.2946,0.0669,3.735,3.69,0.0022,0.7782,0.2255,0.68,e41f7d9f8c19d7f098e13d47ec3cae9434489e5bc13b5e5f769efe58f6be20b6,247443,559,32.83
2026-09-26 20:09:16,LIVE_USER,NORMAL,UNKNOWN,False,SPOOFING_DETECTED,4.57,6.57,0.0,13.42,0.71,0.0,0.0,208.03,235.87,242.44,0.2697,0.21,3.6888,3.69,0.0023,0.7492,0.0,0.68,e110fd4a1e1c79f4940b1b82d0013146d658cc3d3009e4855465a4df36faade0,187347,560,31.77
2026-09-26 20:09:21,LIVE_USER,NORMAL,admin,True,NONE_GRANTED,5.5,7.5,0.0,11.73,0.7,254.35,1.64,209.28,494.76,502.26,0.2968,0.0607,3.7169,3.69,0.0026,0.7668,0.4838,0.68,1b077a62858ec14c7749dbbeb40e95848301ead64222b59652ce0296522aa46d,247443,561,37.42
2026-09-26 20:09:26,LIVE_USER,NORMAL,admin,True,NONE_GRANTED,4.57,6.57,0.0,14.09,0.72,252.3,1.51,209.13,495.37,501.94,0.2805,0.1237,3.7391,3.69,0.0025,0.7807,0.308,0.68,9b0f885eee9eff9e0666fe8f5979e228e33df807342eddff646981663d007dd5,247443,562,30.67
2026-09-26 20:09:31,LIVE_USER,NORMAL,admin,True,NONE_GRANTED,4.71,6.71,0.0,12.71,0.7,258.82,1.51,209.98,499.59,506.3,0.294,0.1124,3.7859,3.69,0.0019,0.8099,0.3217,0.68,bb9f15a8803e9cca7baa775fd5c5b60a48c9e69c459be2b34d17c15fb6dba8f2,247443,563,37.5
2026-09-26 20:09:35,LIVE_USER,NORMAL,admin,True,NONE_GRANTED,4.19,6.19,0.0,12.69,1.21,250.66,2.12,210.17,493.73,499.92,0.2914,0.2152,3.7927,3.69,0.0018,0.8141,0.3129,0.68,b7f3b0f539c286f78519c8624ed6a61d118d4ef4111ee147883940f79d0519c2,247443,564,34.44
2026-09-26 20:09:42,LIVE_USER,NORMAL,admin,True,NONE_GRANTED,5.68,7.68,0.0,14.19,0.91,300.83,1.14,214.39,558.04,565.72,0.327,0.1024,3.8114,3.69,0.0018,0.8258,0.3656,0.68,7e40e13d1b14dbaf4cb0ef7a4f33bbc5e9fdadc8484acac06e7053c4a34ae329,247443,565,33.05
2026-09-26 20:09:48,LIVE_USER,NORMAL,admin,True,NONE_GRANTED,4.78,6.78,0.0,12.36,0.79,257.96,1.44,210.4,499.73,506.51,0.3358,0.088,3.7016,3.69,0.0028,0.7572,0.1926,0.68,84a9aa763af1f9757e6457a132dade5c2ae56bd972fb6437b69cb30c9734a479,247443,566,33.07
2026-09-26 20:09:53,LIVE_USER,NORMAL,admin,True,NONE_GRANTED,4.22,6.22,0.0,12.9,1.08,271.82,1.56,209.95,514.97,521.19,0.3199,0.1229,3.7433,3.69,0.0023,0.7833,0.2641,0.68,f2e5e3b2b38f7ad9a6619035473dbcd7e9d79907fd92ed6987b52e22e84391d6,247443,567,36.39
2026-09-26 20:09:58,LIVE_USER,NORMAL,admin,True,NONE_GRANTED,4.32,6.32,0.0,13.2,1.14,275.62,1.74,210.52,521.14,527.46,0.338,0.0804,3.7007,3.69,0.0028,0.7567,0.3341,0.68,9d4bba348a714113d854d1ac8fc8a9f38858155a676f45ca8584b30cfd95a106,247443,568,38.33
2026-09-26 20:10:03,LIVE_USER,NORMAL,admin,True,NONE_GRANTED,4.39,6.39,0.0,15.98,0.77,271.03,1.48,209.38,515.81,522.2,0.2831,0.1705,3.7382,3.69,0.0026,0.7801,0.2362,0.68,816801cf28ad7c8a3be24bb070227a4022cd41c79cce0881b90309bed3c2a374,247431,569,37.39
2026-09-26 20:10:10,LIVE_USER,NORMAL,admin,True,NONE_GRANTED,4.78,6.78,0.0,12.93,1.22,258.84,1.49,209.56,502.19,508.97,0.2734,0.1031,3.7737,3.69,0.0022,0.8023,0.3283,0.68,c47ae1efa0537523c829adc8c534339098f31a877d880280c860979a2c8e500a,247443,570,36.65
2026-09-26 20:10:15,LIVE_USER,NORMAL,admin,True,NONE_GRANTED,4.28,6.28,0.0,11.66,1.86,244.28,1.3,213.2,488.32,494.6,0.3198,0.2385,3.7338,3.69,0.0024,0.7774,0.3916,0.68,7589be939325868970392e8ae83c80797ef81e1288eec360634a24eb3054a367,247443,571,34.87
2026-09-26 20:10:21,LIVE_USER,NORMAL,admin,True,NONE_GRANTED,4.46,6.46,0.0,13.17,0.69,247.82,1.82,210.73,489.62,496.08,0.3415,0.0922,3.7409,3.69,0.0022,0.7818,0.3947,0.68,cb1009923bf2048f68a7378eb9026686bd8593a57f8f33503652eaa9a825092d,247443,572,32.93
2026-09-26 20:10:29,LIVE_USER,NORMAL,admin,True,NONE_GRANTED,4.47,6.47,0.0,11.46,0.77,247.38,1.53,210.14,486.54,493.01,0.3063,0.0899,3.7546,3.69,0.0023,0.7904,0.4586,0.68,c2e4469a19e28ecda7ef4838cfdbd2d07bb7e95a36d0d3feb69c112d90280e1a,247443,573,34.45
2026-09-26 20:10:34,LIVE_USER,NORMAL,admin,True,NONE_GRANTED,4.23,6.23,0.0,12.61,0.69,233.08,1.57,209.98,471.86,478.09,0.3245,0.0441,3.7636,3.69,0.0023,0.7959,0.406,0.68,a73424825d74ec3ea4f4238473cf4a6a76c9328ce481d752360a4681c9929cc8,247443,574,37.45
2026-09-26 20:10:38,LIVE_USER,NORMAL,admin,True,NONE_GRANTED,4.52,6.52,0.0,11.68,0.73,234.82,1.56,222.12,485.44,491.96,0.3141,0.0413,3.7368,3.69,0.0025,0.7792,0.3027,0.68,78f8ddd80fd50512ef43dbb7336d0b66aa06738c03c6e5e13c0d7e6a6e13cbbb,247443,575,31.86
2026-09-26 20:10:43,LIVE_USER,NORMAL,admin,True,NONE_GRANTED,4.83,6.83,0.0,11.55,0.69,235.98,1.59,210.36,475.53,482.36,0.3209,0.0383,3.7088,3.69,0.0027,0.7617,0.2877,0.68,38ac97e8eec160ac89980252f0b38142898827349df48423e75275206856e40c,247443,576,32.6
2026-09-26 20:10:48,LIVE_USER,NORMAL,admin,True,NONE_GRANTED,4.3,6.3,0.0,13.09,0.72,251.28,1.19,209.37,490.35,496.65,0.3265,0.0311,3.7399,3.69,0.0023,0.7812,0.2728,0.68,33d77094096ac861fb306c2bc9643ce76d7c67ddb6391de4592cffc6a53ebd97,247443,577,40.78
2026-09-26 20:10:53,LIVE_USER,NORMAL,admin,True,NONE_GRANTED,5.11,7.11,0.0,12.32,0.97,275.23,2.06,210.64,519.98,527.09,0.3269,0.0238,3.7762,3.69,0.0023,0.8038,0.2493,0.68,77a4faa6d6d20d8cc54524cb7decd936ec5e0d251b7a6ae1d52bf75b04bdd814,247443,578,33.08
2026-09-26 20:10:59,LIVE_USER,NORMAL,admin,True,NONE_GRANTED,6.69,8.69,0.0,11.74,1.6,255.07,1.46,210.73,497.36,506.05,0.2724,0.1049,3.7427,3.69,0.0022,0.783,0.2905,0.68,c3a3c0ed04641567b99b471a0cc83bf86da239979be3fafb1314a50da3c06449,247443,579,33.51
2026-09-26 20:11:04,LIVE_USER,NORMAL,admin,True,NONE_GRANTED,4.32,6.32,0.0,11.61,0.75,245.17,1.68,210.0,486.16,492.48,0.2754,0.0304,3.7486,3.69,0.0023,0.7866,0.215,0.68,7a29d1b0351a6d924f5ef7fd226066a79a51e87abd758a72df8d4ad6980ce76a,247443,580,35.2
2026-09-26 20:11:09,LIVE_USER,NORMAL,admin,True,NONE_GRANTED,4.64,6.64,0.0,12.82,0.77,281.59,1.55,210.05,523.61,530.25,0.3106,0.1427,3.7474,3.69,0.0023,0.7859,0.2788,0.68,bb84542c6058ca6130070ff58c8b62a76c1d6ff8bcdb97edc4fc64d2aade1ad7,247443,581,33.55
2026-09-26 20:11:15,LIVE_USER,NORMAL,admin,True,NONE_GRANTED,4.52,6.52,0.0,11.79,0.69,242.62,1.53,210.35,483.39,489.91,0.2635,0.0318,3.7391,3.69,0.0023,0.7807,0.2425,0.68,b2808fe8627bf53ca249f07b1437738c9e8897b88145b01291d34995bd6c2d38,247443,582,36.95
2026-09-26 20:11:20,LIVE_USER,NORMAL,admin,True,NONE_GRANTED,4.81,6.81,0.0,11.77,0.69,257.01,1.95,210.68,497.59,504.4,0.2723,0.0265,3.7492,3.69,0.0022,0.787,0.2378,0.68,344eb842e26f2e397d2d49ceb0b9d9b9c01e55cc85b64fc2ea41c50c2a56cd19,247443,583,37.58
2026-09-26 20:11:25,LIVE_USER,NORMAL,admin,True,NONE_GRANTED,4.57,6.57,0.0,11.6,0.68,241.94,1.94,211.21,483.27,489.84,0.2441,0.0206,3.7493,3.69,0.0021,0.787,0.2574,0.68,8f87ec4d008e965ed9eb704d25a894bfb62ba22615d71a628a4cf06acd89b673,247431,584,34.39
2026-09-26 20:11:33,LIVE_USER,NORMAL,admin,True,NONE_GRANTED,5.63,7.63,0.0,13.58,0.7,247.64,3.84,209.17,489.79,497.42,0.2445,0.1893,3.7333,3.69,0.0023,0.777,0.2483,0.68,6f45e8f3ac1457e1e9807d4b7ac52a7fd16375a3739768517af2b5f9c6b60135,247443,585,32.57
2026-09-26 20:11:42,LIVE_USER,NORMAL,admin,True,NONE_GRANTED,7.25,9.25,0.0,12.38,0.69,253.69,1.71,209.34,492.89,502.14,0.2647,0.0258,3.755,3.69,0.0022,0.7907,0.3237,0.68,cf4f91af542372bb03c26a5275ac34526395c5a54ef50fe1f5d36eab475b35bb,247443,586,34.3
2026-09-26 20:11:49,LIVE_USER,NORMAL,admin,True,NONE_GRANTED,4.7,6.7,0.0,13.78,0.76,254.66,1.47,209.78,494.93,501.63,0.2322,0.0306,3.7234,3.69,0.0024,0.7709,0.2509,0.68,195fcdd3bd6cb3f702316f745dc28674f8d6ec2961ff6b9c71c0897bfde26bac,247431,587,36.27
2026-09-26 20:11:55,LIVE_USER,NORMAL,admin,True,NONE_GRANTED,4.34,6.34,0.0,13.12,0.7,244.58,1.45,209.79,484.95,491.29,0.2896,0.0255,3.7609,3.69,0.0022,0.7943,0.284,0.68,1618d2344b77990914a371045cf5ffe5e7cd3aff228c88fcb0a2cd3e932031dd,247443,588,36.91
2026-09-26 20:12:00,LIVE_USER,NORMAL,admin,True,NONE_GRANTED,4.49,6.49,0.0,11.75,0.69,243.15,1.32,210.22,483.17,489.66,0.2586,0.0401,3.7407,3.69,0.0022,0.7817,0.2384,0.68,7671aeeef5a1f88f8f863e7f399dda824b2310f796cc3de2390dce4b7c3a10dc,247443,589,35.27
2026-09-26 20:12:07,LIVE_USER,NORMAL,admin,True,NONE_GRANTED,4.53,6.53,0.0,12.84,0.69,246.96,1.71,209.69,487.28,493.81,0.2381,0.1506,3.7751,3.69,0.002,0.8032,0.2331,0.68,cffdad610f13817d4eaa61d66d61e27fe68be250b66bc19fffea3d5eac405224,247431,590,36.52
2026-09-26 20:12:16,LIVE_USER,NORMAL,admin,True,NONE_GRANTED,5.54,7.54,0.0,11.94,0.69,247.01,1.89,211.52,488.11,495.65,0.22,0.0276,3.755,3.69,0.0021,0.7906,0.3001,0.68,d827f06ee47121dbc96b7107619a532ce7fae25d265be9e6af9ab45c61513868,247443,591,35.9
2026-09-26 20:12:20,LIVE_USER,NORMAL,admin,True,NONE_GRANTED,4.43,6.43,0.0,12.66,0.7,266.92,1.17,209.29,506.22,512.65,0.2664,0.0323,3.7108,3.69,0.0024,0.763,0.2421,0.68,43aefc3aea06325e0bd96b7a9eb7acca7c989ef801406f899c7e29b2e9dcf0bc,247443,592,35.17
2026-09-26 20:12:26,LIVE_USER,NORMAL,admin,True,NONE_GRANTED,4.52,6.52,0.0,11.6,0.7,256.15,1.48,209.89,496.03,502.55,0.2178,0.176,3.7373,3.69,0.0023,0.7796,0.2477,0.68,c33865d1c9c525ac769b62b6db40bf3fb645d294e0451b2f89d49a0efad603c0,247443,593,33.12
2026-09-26 20:12:30,LIVE_USER,NORMAL,admin,True,NONE_GRANTED,4.64,6.64,0.0,12.99,0.71,257.81,1.52,209.76,497.4,504.04,0.2111,0.046,3.7425,3.69,0.0022,0.7828,0.2505,0.68,ebf682f1e50070f6c207ac0c389723b97a664230be10163ed7f3afa8c1188c93,247443,594,33.98
2026-09-26 20:12:35,LIVE_USER,NORMAL,admin,True,NONE_GRANTED,4.55,6.55,0.0,11.91,0.95,241.68,1.45,210.31,483.66,490.21,0.1955,0.0462,3.7457,3.69,0.0022,0.7849,0.2243,0.68,9bae685fe0624f8c91ab2f538b7643901499885788d3e95115374be646844865,247443,595,35.55
2026-09-26 20:12:40,LIVE_USER,NORMAL,admin,True,NONE_GRANTED,4.43,6.43,0.0,12.32,0.68,241.35,1.57,211.53,484.18,490.61,0.2096,0.0291,3.7497,3.69,0.0023,0.7874,0.2412,0.68,d3b4ead72b165874d9c7987fe7e104614db09ef7eff994ab8402c762fca5bcb7,247443,596,30.68
2026-09-26 20:12:45,LIVE_USER,NORMAL,admin,True,NONE_GRANTED,4.31,6.31,0.0,12.95,0.7,259.28,1.5,209.68,498.87,505.18,0.2496,0.0287,3.7367,3.69,0.0023,0.7792,0.2638,0.68,7a42f66aad08b46f4c7dc6d80c5e2a83a264fec60900b217d7a6d9370bd26916,247443,597,33.78
2026-09-26 20:12:50,LIVE_USER,NORMAL,admin,True,NONE_GRANTED,4.42,6.42,0.0,13.5,0.69,263.46,1.37,209.64,504.81,511.23,0.2148,0.0271,3.7541,3.69,0.0022,0.79,0.2189,0.68,d3f4b06f5f63f8212504b4e36dbf173b9320685587926ecdd682217d67bf5bc1,247443,598,34.73
2026-09-26 20:12:56,LIVE_USER,NORMAL,admin,True,NONE_GRANTED,4.44,6.44,0.0,12.05,0.69,254.1,1.59,209.75,494.83,501.27,0.2469,0.0271,3.7307,3.69,0.0023,0.7754,0.2514,0.68,dafd4b2236730a15ae2afcd03398de6f3172ea22f55c46b69c29da984ab1b54f,247443,599,34.4
2026-09-26 20:13:00,LIVE_USER,NORMAL,admin,True,NONE_GRANTED,4.23,6.23,0.0,11.56,0.71,196.48,1.34,211.03,438.87,445.1,0.2658,0.0328,3.7224,3.69,0.0023,0.7702,0.2637,0.68,fbdbfcc8284a4ecada5e1b76c4ad57b17644391c8c0019a45ea799bdca6ce782,247443,600,32.25
2026-09-26 20:13:06,LIVE_USER,NORMAL,admin,True,NONE_GRANTED,4.83,6.83,0.0,11.21,0.67,254.05,1.84,211.43,495.69,502.52,0.2132,0.0451,3.737,3.69,0.0023,0.7794,0.2945,0.68,57f2b1a61879f6a976c50f6e5e6985f10ad2d0ddfd7e5ebe39ea1d25082220d6,247443,601,38.7
2026-09-26 20:13:11,LIVE_USER,NORMAL,admin,True,NONE_GRANTED,4.28,6.28,0.0,11.87,0.7,207.85,1.15,209.72,447.04,453.32,0.256,0.0339,3.7316,3.69,0.0024,0.7759,0.3115,0.68,9a2911b86043b36815d9373cfc397fdd3db033075cbfd02877d7078a27068233,247443,602,35.2
2026-09-26 20:13:16,LIVE_USER,NORMAL,TEST-001,False,UNKNOWN_FACE_OR_NO_MATCH,4.48,6.48,0.0,12.12,0.91,197.54,1.28,210.68,438.27,444.75,0.2404,0.1881,3.7501,3.69,0.0023,0.7876,0.957,0.68,b27053b25446b0229a7ea38204c67e6d996d3b9c64ce73e9fb67e60e80254067,207283,603,30.08
2026-09-26 20:13:21,LIVE_USER,NORMAL,admin,True,NONE_GRANTED,4.56,6.56,0.0,12.19,0.69,264.45,1.51,210.0,505.26,511.82,0.3202,0.0286,3.73,3.69,0.0023,0.775,0.2775,0.68,507efb93fe078e298905b9c7234002610382975b17dfd9daea3fe176bcc31797,247443,604,36.73
2026-09-26 20:13:29,LIVE_USER,NORMAL,admin,True,NONE_GRANTED,4.37,6.37,0.0,12.25,0.69,256.21,1.46,210.42,496.19,502.56,0.2514,0.0286,3.7191,3.69,0.0024,0.7682,0.2711,0.68,032840a198993382b976fa7b6181561397cfe7f612b231607708d11b8b6cad3c,247443,605,34.94
2026-09-26 20:13:33,LIVE_USER,NORMAL,TEST-001,False,UNKNOWN_FACE_OR_NO_MATCH,4.42,6.42,0.0,12.11,0.7,193.48,1.13,208.95,432.4,438.82,0.2209,0.1456,3.7471,3.69,0.0022,0.7857,0.9559,0.68,8d7e825379965881468886809b4f41f0453aed7deec611e04ed973b970817326,207283,606,32.35
2026-09-26 20:13:39,LIVE_USER,NORMAL,admin,True,NONE_GRANTED,4.52,6.52,0.0,12.76,1.08,223.03,1.16,215.9,474.69,481.21,0.2631,0.0247,3.7497,3.69,0.0022,0.7873,0.2571,0.68,ca5b80e4d2bf4f5fb8a52f01726b88d856e1475cda51860f42fcf2593e62bc76,247443,607,30.1
2026-09-26 20:13:45,LIVE_USER,NORMAL,admin,True,NONE_GRANTED,4.9,6.9,0.0,11.68,0.7,250.94,1.48,210.43,491.65,498.55,0.2406,0.0324,3.7397,3.69,0.0022,0.781,0.347,0.68,df7d0c971ae3d16365116cd52081fa8456efe5e5785f8caf0c040daabbdd013e,247443,608,34.41
2026-09-26 20:13:54,LIVE_USER,NORMAL,admin,True,NONE_GRANTED,4.39,6.39,0.0,16.07,1.13,253.85,1.54,212.4,502.52,508.91,0.2426,0.0225,3.75,3.69,0.0022,0.7874,0.3062,0.68,2fb506eaa2b2beab6bfcd847d0b5e3c99138b03b5c4836c18b2649b62c528f21,247443,609,35.11
2026-09-26 20:14:01,LIVE_USER,NORMAL,admin,True,NONE_GRANTED,4.41,6.41,0.0,12.33,0.71,248.41,1.48,209.3,489.57,495.98,0.2435,0.1259,3.7424,3.69,0.0022,0.7827,0.2966,0.68,22364fd2365553ab367ed509652069dd7082b9459e84d8654cbf84437f428231,247443,610,35.09
2026-09-26 20:14:08,LIVE_USER,NORMAL,admin,True,NONE_GRANTED,4.58,6.58,0.0,12.21,0.73,252.22,1.62,209.58,493.02,499.6,0.2439,0.0224,3.7671,3.69,0.0022,0.7982,0.2239,0.68,5e58a4c3317d8c996a0a165963fdb245cd7faf4d888f5b92a5c39367c5b419b5,247443,611,36.6
2026-09-26 20:14:13,LIVE_USER,NORMAL,UNKNOWN,False,SPOOFING_DETECTED,4.57,6.57,0.0,12.12,0.69,0.0,0.0,208.41,234.07,240.64,0.2036,0.1273,3.6764,3.69,0.0025,0.7415,0.0,0.68,f4bc61a349c5b9e88ca62081e4d7c9ed6d9b806af52094aae9131117dbacd423,187347,612,33.23
2026-09-26 20:14:21,LIVE_USER,NORMAL,admin,True,NONE_GRANTED,4.61,6.61,0.0,11.98,0.66,247.49,1.68,211.34,489.54,496.15,0.2895,0.1915,3.7722,3.69,0.002,0.8014,0.2613,0.68,24723fea58f598384b245b35e49e0f5285a3bdb73294eb76c1ea023243fd58db,247443,613,35.47
2026-09-26 20:14:25,LIVE_USER,NORMAL,admin,True,NONE_GRANTED,4.62,6.62,0.0,12.04,0.67,241.04,1.52,209.81,479.81,486.43,0.2715,0.0234,3.7543,3.69,0.0021,0.7902,0.2492,0.68,3ee4631379b47dac289d288470e884b8a28d06eac78cdffe2eb07c4f6f408957,247443,614,35.49
2026-09-26 20:14:30,LIVE_USER,NORMAL,admin,True,NONE_GRANTED,4.54,6.54,0.0,12.8,0.68,228.66,1.55,209.95,467.94,474.48,0.2285,0.0268,3.7707,3.69,0.0021,0.8004,0.1962,0.68,735763483c4de6b59e7021dbf1d49d609ccf1395f0c03ed746bcd7a52b0299fa,247443,615,34.91
2026-09-26 20:14:35,LIVE_USER,NORMAL,admin,True,NONE_GRANTED,5.47,7.47,0.0,12.74,1.21,232.83,1.38,209.19,490.7,498.17,0.271,0.0459,3.7573,3.69,0.0023,0.7921,0.2657,0.68,55847881d208b6e95e73be9809fbb0653520e0c60112fd542e8794c01b4cadfd,247443,616,33.81
2026-09-26 20:14:39,LIVE_USER,NORMAL,admin,True,NONE_GRANTED,5.05,7.05,0.0,13.99,0.8,311.06,1.3,220.64,568.29,575.34,0.2945,0.0575,3.7593,3.69,0.0022,0.7934,0.2685,0.68,30d51adc085e0f33fed929f65ba03ea7ccb6ce0c980f4466e5cb74066271dbe4,247443,617,45.81
2026-09-26 20:14:43,LIVE_USER,NORMAL,admin,True,NONE_GRANTED,4.86,6.86,0.0,12.81,1.93,296.79,1.3,209.9,554.94,561.8,0.275,0.058,3.7786,3.69,0.0021,0.8054,0.383,0.68,abe9d42cba5575762e4a7c600396aa1f9d86435965b4afec530f9eae893dd45a,247443,618,29.8
2026-09-26 20:14:48,LIVE_USER,NORMAL,admin,True,NONE_GRANTED,4.56,6.56,0.0,14.09,0.89,295.0,1.24,211.47,543.51,550.07,0.2888,0.0425,3.7396,3.69,0.0024,0.781,0.4153,0.68,0bb9299602c6327843a34b0ea25192d0914b1596695fda93426b7584c739248b,247443,619,37.48
2026-09-26 20:14:53,LIVE_USER,NORMAL,admin,True,NONE_GRANTED,4.89,6.89,0.0,13.88,0.82,313.82,1.66,209.7,559.46,566.35,0.3239,0.0496,3.7421,3.69,0.0024,0.7826,0.3291,0.68,d84a98a73fb16d853b178910c05e4974465c62149dc2eceee61e0d6bc378eb0f,247443,620,34.91
2026-09-26 20:14:58,LIVE_USER,NORMAL,admin,True,NONE_GRANTED,4.5,6.5,0.0,13.93,1.46,302.21,1.25,226.34,568.26,574.76,0.3079,0.04,3.7654,3.69,0.0021,0.7972,0.3095,0.68,4224b5935bd55e76fcd789e3c3250bce9a2c20df741ddf08a4674d16b17b1772,247443,621,41.27
2026-09-26 20:15:05,LIVE_USER,NORMAL,admin,True,NONE_GRANTED,4.62,6.62,0.0,13.87,0.75,292.91,1.51,211.19,538.4,545.02,0.2746,0.0344,3.7928,3.69,0.0022,0.8142,0.1995,0.68,e937708e37e78b65c4946cdc5ce8c2c1131b9ff68f2e9c3b5b938b88a3842c87,247443,622,32.51
2026-09-26 20:15:11,LIVE_USER,NORMAL,admin,True,NONE_GRANTED,4.28,6.28,0.0,13.44,0.79,285.11,1.81,210.24,530.38,536.66,0.2902,0.0357,3.7551,3.69,0.0022,0.7907,0.3323,0.68,7e50c608513cf7ebb7369fd9a535a7536b068558aebf5d6bc348e8ed9e2722d4,247443,623,34.08
2026-09-26 20:15:15,LIVE_USER,NORMAL,admin,True,NONE_GRANTED,4.51,6.51,0.0,13.29,0.92,297.82,1.52,211.27,542.23,548.74,0.2652,0.0382,3.7862,3.69,0.0019,0.8101,0.3533,0.68,8feabbd9622be81a8d9ccffc5d9a5c35bd6a90d5cf520b63c83c5e6e83433a68,247443,624,33.18
2026-09-26 20:15:19,LIVE_USER,NORMAL,admin,True,NONE_GRANTED,4.2,6.2,0.0,13.72,0.72,265.33,1.61,210.16,509.1,515.3,0.2502,0.2079,3.7318,3.69,0.0023,0.7761,0.3174,0.68,87b76c28bd4f39240b34aa8a2def7ce6dd4a49e769c7acf8af0e849616647b61,247443,625,33.532026-09-27 07:15:42,SPOOF_SCREEN_VIDEO,NORMAL,UNKNOWN,False,SPOOFING_DETECTED,4.9,6.9,0.0,12.07,0.68,0.0,0.0,208.4,234.08,240.98,0.2687,0.2251,3.1196,3.69,0.0077,0.5,0.0,0.68,ee23dfab565286ee16ee1327af2a0dd1f21eeb2c7e44ca25a876544cff534b32,187347,694,31.86
2026-09-27 07:16:09,SPOOF_SCREEN_VIDEO,NORMAL,UNKNOWN,False,SPOOFING_DETECTED,6.66,8.66,0.0,10.76,1.49,0.0,0.0,208.53,234.79,243.45,0.2865,0.159,3.3279,3.69,0.0058,0.5237,0.0,0.68,cf1e32b65054162bb5508ed556a6a981ea051b5385582a91c9662b0582183d8a,187347,695,34.94
2026-09-27 07:16:14,SPOOF_SCREEN_VIDEO,NORMAL,UNKNOWN,False,SPOOFING_DETECTED,4.29,6.29,0.0,10.77,0.59,0.0,0.0,208.31,230.04,236.33,0.274,0.0557,3.3858,3.69,0.005,0.5599,0.0,0.68,8ffc05e33260eb55736cc1e21303d7065fabff8a2c52ce67027aa67e62ac35e3,187347,696,36.05
2026-09-27 07:16:20,SPOOF_SCREEN_VIDEO,NORMAL,UNKNOWN,False,SPOOFING_DETECTED,4.65,6.65,0.0,12.09,0.61,0.0,0.0,208.15,230.89,237.54,0.264,0.1168,3.3362,3.69,0.0054,0.5288,0.0,0.68,d2446052302b7b3baeefd3f1b8cf6fca4cea1583fc407d93113ad9263f4d9dc0,187347,697,34.74
2026-09-27 07:16:25,SPOOF_SCREEN_VIDEO,NORMAL,admin,False,UNKNOWN_FACE_OR_NO_MATCH,4.3,6.3,0.0,11.66,0.63,205.27,4.7,208.2,441.89,448.19,0.3611,0.1342,3.7031,3.69,0.0024,0.7582,0.9557,0.68,453d8149332527bfb6996be672e094d58a28f9ecec26fd22f64ccfade7fc17f5,207247,698,35.7
2026-09-27 07:16:29,SPOOF_SCREEN_VIDEO,NORMAL,admin,True,NONE_GRANTED,4.81,6.81,0.0,11.56,0.58,217.35,1.52,210.03,453.2,460.01,0.3635,0.0544,3.7488,3.69,0.0021,0.7868,0.6633,0.68,349cce95187692bd512b2d6428b81c5e845df5628be721a8a802866079bbfb11,247443,699,33.7
2026-09-27 07:16:36,SPOOF_SCREEN_VIDEO,NORMAL,UNKNOWN,False,SPOOFING_DETECTED,4.57,6.57,0.0,11.38,0.65,0.0,0.0,209.08,232.05,238.62,0.282,0.0457,3.3527,3.69,0.0051,0.5392,0.0,0.68,048d50fd08da0d4a3c2d18b39fdf96e521cd7ad3d3438b9ad0f7301767c0eb0d,187347,700,34.78
2026-09-27 07:16:41,SPOOF_SCREEN_VIDEO,NORMAL,UNKNOWN,False,SPOOFING_DETECTED,4.58,6.58,0.0,11.29,1.38,0.0,0.0,213.54,238.89,245.47,0.2713,0.0621,3.2438,3.69,0.0066,0.5,0.0,0.68,1b2bad8ecadba2951caded915f047e585cea12dca2a69b7d7a63fc798a123146,187347,701,34.89
2026-09-27 07:16:49,SPOOF_SCREEN_VIDEO,NORMAL,UNKNOWN,False,SPOOFING_DETECTED,4.41,6.41,0.0,11.17,0.61,0.0,0.0,209.29,231.66,238.07,0.2859,0.0721,3.4254,3.69,0.0048,0.5846,0.0,0.68,683f3c25faaa85526b28dd63e3ef98f28ad9990454b1a1dfd6d03272de53c2ee,187347,702,31.18
2026-09-27 07:16:53,SPOOF_SCREEN_VIDEO,NORMAL,UNKNOWN,False,SPOOFING_DETECTED,5.05,7.05,0.0,10.74,0.59,0.0,0.0,211.24,232.45,239.5,0.3279,0.0617,3.3981,3.69,0.005,0.5676,0.0,0.68,0f4b5053b6db442c71177c45d2da35a64ee4850eb700e5ef8391130704f72338,187347,703,32.78
2026-09-27 07:16:58,SPOOF_SCREEN_VIDEO,NORMAL,UNKNOWN,False,SPOOFING_DETECTED,4.46,6.46,0.0,11.75,0.6,0.0,0.0,209.2,231.66,238.12,0.2798,0.2368,3.4285,3.69,0.0047,0.5866,0.0,0.68,a50a901ea8b4c6f58fb63c6a9b5cb2897660f4bd3ca2bf5ef1f5077b35bb7c4d,187347,704,33.99
2026-09-27 07:17:03,SPOOF_SCREEN_VIDEO,NORMAL,UNKNOWN,False,SPOOFING_DETECTED,4.64,6.64,0.0,11.43,0.6,0.0,0.0,208.9,232.11,238.75,0.3197,0.059,3.3307,3.69,0.0056,0.5254,0.0,0.68,118eaf9e40038382de8d8c51b4a4647b12e4050895a08c9318be3428876f46b1,187347,705,32.09
2026-09-27 07:17:09,SPOOF_SCREEN_VIDEO,NORMAL,24f0eee7-f336-4b9f-b199-df6d861fd014,False,UNKNOWN_FACE_OR_NO_MATCH,4.6,6.6,0.0,11.41,0.58,236.89,2.37,207.73,476.24,482.84,0.3314,0.1748,3.7548,3.69,0.002,0.7905,0.8735,0.68,bfa735b50e86ea3302ebf0aa0554f964793efcdc857bfefd909144bdca40d398,252417,706,35.04
2026-09-27 07:17:14,SPOOF_SCREEN_VIDEO,NORMAL,UNKNOWN,False,SPOOFING_DETECTED,4.39,6.39,0.0,12.85,0.64,0.0,0.0,208.61,232.08,238.47,0.3256,0.064,3.2745,3.69,0.0063,0.5,0.0,0.68,a42c1492695de49d37172b7360bfadfb127f3c3cdeb313151d7b81cec5e00420,187347,707,35.08
2026-09-27 07:17:19,SPOOF_SCREEN_VIDEO,NORMAL,UNKNOWN,False,SPOOFING_DETECTED,4.4,6.4,0.0,12.44,0.62,0.0,0.0,208.53,232.21,238.61,0.2583,0.0826,3.2774,3.69,0.006,0.5,0.0,0.68,26dfc60ccfb2d7c8162363e17f36a3dcda48878f10784b68a98d6a319211aa46,187347,708,33.0
2026-09-27 07:17:25,SPOOF_SCREEN_VIDEO,NORMAL,UNKNOWN,False,SPOOFING_DETECTED,4.59,6.59,0.0,11.25,0.63,0.0,0.0,209.46,232.79,239.38,0.2935,0.0657,3.2391,3.69,0.0065,0.5,0.0,0.68,39ed233b333c5b93a5b78e3cd1a037197f9f2fc38f625cb0d70634b112fddc4b,187347,709,33.62
2026-09-27 07:17:29,SPOOF_SCREEN_VIDEO,NORMAL,UNKNOWN,False,SPOOFING_DETECTED,4.44,6.44,0.0,10.66,0.61,0.0,0.0,208.11,230.32,236.76,0.2415,0.1648,3.2999,3.69,0.0057,0.5062,0.0,0.68,f99f0adae770f4af893d6bc664e34f525d06b69efff87f51f910f3dea3cfeb6a,187347,710,30.7
2026-09-27 07:17:34,SPOOF_SCREEN_VIDEO,NORMAL,admin,True,NONE_GRANTED,4.26,6.26,0.0,12.11,0.61,203.07,2.01,209.87,439.93,446.19,0.2959,0.0383,3.7651,3.69,0.002,0.797,0.4835,0.68,5344fd0d20215ea62c2daa6d257f8ced92fbd8c0a1a9e61d4bc19df8ac60a0e0,247443,711,35.75
2026-09-27 07:17:41,SPOOF_SCREEN_VIDEO,NORMAL,admin,False,UNKNOWN_FACE_OR_NO_MATCH,4.58,6.58,0.0,10.75,0.58,221.83,2.06,208.51,459.59,466.17,0.3048,0.041,3.7004,3.69,0.0023,0.7565,0.8395,0.68,af2e0ee86bd6c418c318c1f6df02e90c4bc17fd89e72cefc8efdf63791e810fc,207247,712,35.63
2026-09-27 07:17:45,SPOOF_SCREEN_VIDEO,NORMAL,UNKNOWN,False,SPOOFING_DETECTED,4.51,6.51,0.0,10.99,0.63,0.0,0.0,215.07,238.81,245.32,0.2737,0.0579,3.4259,3.69,0.0046,0.5849,0.0,0.68,9892c24f46eb1578289ec02921a2f533529b82e39eb7c03e38c3b30e37db5019,187347,713,30.33
2026-09-27 07:17:53,SPOOF_SCREEN_VIDEO,NORMAL,UNKNOWN,False,SPOOFING_DETECTED,4.39,6.39,0.0,11.14,0.67,0.0,0.0,210.05,232.06,238.45,0.2838,0.0681,3.4097,3.69,0.0048,0.5748,0.0,0.68,d6062997e76f1f3245d17ea32b9f9076a3f9fe1f98b2a7c36a746f9a6e7975a4,187347,714,33.11
2026-09-27 07:17:57,SPOOF_SCREEN_VIDEO,NORMAL,UNKNOWN,False,SPOOFING_DETECTED,4.89,6.89,0.0,11.36,0.58,0.0,0.0,208.06,230.05,236.94,0.3267,0.2064,3.359,3.69,0.0052,0.5432,0.0,0.68,0a3801eb6c80a09a4894cc296fb3866592aca612ae0abb6409d5117e10eb343f,187347,715,33.66
2026-09-27 07:18:01,SPOOF_SCREEN_VIDEO,NORMAL,UNKNOWN,False,SPOOFING_DETECTED,5.41,7.41,0.0,11.04,0.6,0.0,0.0,208.67,230.49,237.9,0.261,0.2192,3.3406,3.69,0.0054,0.5316,0.0,0.68,9f642a03fc34cd297be301f8bf6875cca69479850dcf78a677a008775b82f5bb,187347,716,30.87
2026-09-27 07:18:06,SPOOF_SCREEN_VIDEO,NORMAL,UNKNOWN,False,SPOOFING_DETECTED,5.04,7.04,0.0,11.39,0.61,0.0,0.0,209.72,232.12,239.16,0.2908,0.0881,3.3795,3.69,0.0052,0.5559,0.0,0.68,a80a2ed35be26947e5a441e716f4bac2e24307d62bf48a831d1b6bb816f8a304,187347,717,35.21
2026-09-27 07:18:12,SPOOF_SCREEN_VIDEO,NORMAL,UNKNOWN,False,SPOOFING_DETECTED,4.92,6.92,0.0,12.22,0.86,0.0,0.0,207.7,231.46,238.38,0.294,0.113,3.5596,3.69,0.0034,0.6684,0.0,0.68,6477c2dbd926f5a38cc00c73a1a5434e8171dc3e5f8ec9736078d6ee6be54c66,187347,718,33.65
2026-09-27 07:18:18,SPOOF_SCREEN_VIDEO,NORMAL,UNKNOWN,False,SPOOFING_DETECTED,4.34,6.34,0.0,11.59,0.73,0.0,0.0,208.17,230.54,236.88,0.3459,0.0621,3.2614,3.69,0.0065,0.5,0.0,0.68,5c57fd193ac9ce1bba7b18c006ae104c5ff15f7d23df46e4de083ed10f5e07cf,187347,719,33.32
2026-09-27 07:18:23,SPOOF_SCREEN_VIDEO,NORMAL,UNKNOWN,False,SPOOFING_DETECTED,5.03,7.03,0.0,11.42,0.61,0.0,0.0,208.21,230.37,237.4,0.2802,0.0688,3.4112,3.69,0.0047,0.5757,0.0,0.68,159653b964b10c442220451053968fae99262edc748838a8eda48ac828ad4ba7,187347,720,41.51
2026-09-27 07:18:28,SPOOF_SCREEN_VIDEO,NORMAL,UNKNOWN,False,SPOOFING_DETECTED,4.73,6.73,0.0,14.51,0.6,0.0,0.0,209.72,237.47,244.2,0.3278,0.0683,3.4321,3.69,0.0045,0.5888,0.0,0.68,a405db6709cffe30b332a66732e72ac3cddc9275f8170092348e4e03255c83a7,187347,721,32.89
2026-09-27 07:18:37,SPOOF_SCREEN_VIDEO,NORMAL,UNKNOWN,False,SPOOFING_DETECTED,4.55,6.55,0.0,11.7,0.73,0.0,0.0,208.3,233.45,240.0,0.2782,0.0572,3.2637,3.69,0.0058,0.5,0.0,0.68,f459b0e25059980744dc178fce618f1dbdaa9668e992422631c415b05d1ee519,187347,722,33.43
2026-09-27 07:18:42,SPOOF_SCREEN_VIDEO,NORMAL,UNKNOWN,False,SPOOFING_DETECTED,4.63,6.63,0.0,14.21,0.75,0.0,0.0,211.36,239.79,246.42,0.3179,0.0533,3.2331,3.69,0.0062,0.5,0.0,0.68,cbbf8f3933842e9a291b15604d94f87c244c0967496ebe252a80e36a87816daa,187347,723,32.62
2026-09-27 07:18:47,SPOOF_SCREEN_VIDEO,NORMAL,UNKNOWN,False,SPOOFING_DETECTED,5.2,7.2,0.0,11.61,0.69,0.0,0.0,208.37,232.81,240.01,0.2836,0.0491,3.6411,3.69,0.0025,0.7194,0.0,0.68,1eebdb76a27567f3b32c8538d30339a0b471b2233432ec28e296673c4bb99f5b,187347,724,36.82
2026-09-27 07:18:57,SPOOF_SCREEN_VIDEO,NORMAL,UNKNOWN,False,SPOOFING_DETECTED,4.42,6.42,0.0,11.16,0.58,0.0,0.0,207.55,229.63,236.05,0.2784,0.154,3.4079,3.69,0.0047,0.5736,0.0,0.68,74562f77c80cffc60ac0e64594645a8477ceb01e01e1dc4b8a00f7e3eb0fad2e,187347,725,33.9
2026-09-27 07:19:01,SPOOF_SCREEN_VIDEO,NORMAL,UNKNOWN,False,SPOOFING_DETECTED,4.47,6.47,0.0,11.69,0.58,0.0,0.0,208.79,232.21,238.68,0.3381,0.221,3.309,3.69,0.0056,0.5119,0.0,0.68,2f2e9edc72e1fec17412ead7af113860fa43d3f1ce06a2e4ec1d28c3b9115ec5,187347,726,31.43
2026-09-27 07:19:08,SPOOF_SCREEN_VIDEO,NORMAL,UNKNOWN,False,SPOOFING_DETECTED,4.65,6.65,0.0,11.28,0.57,0.0,0.0,208.48,230.38,237.03,0.2893,0.0996,3.4033,3.69,0.0048,0.5708,0.0,0.68,bdbf73ebe8b4191a92ad19157984d1d56a45157510366b281796ddce480777c4,187347,727,36.03
2026-09-27 07:19:12,SPOOF_SCREEN_VIDEO,NORMAL,UNKNOWN,False,SPOOFING_DETECTED,4.54,6.54,0.0,11.5,0.78,0.0,0.0,209.01,232.51,239.05,0.2739,0.0433,3.3925,3.69,0.0047,0.564,0.0,0.68,1c469652d77d8a9359846df9df3408ba3c26117fae9ea816801d08cd65b1b29b,187347,728,31.0
2026-09-27 07:19:21,SPOOF_SCREEN_VIDEO,NORMAL,UNKNOWN,False,SPOOFING_DETECTED,5.35,7.35,0.0,11.9,0.66,0.0,0.0,211.06,235.36,242.71,0.2771,0.0979,3.4423,3.69,0.0043,0.5952,0.0,0.68,c982d3e05b4723e73c5b993522e6f762d438f9888e2dbe376d028fbd9c107577,187347,729,33.75
2026-09-27 07:19:27,SPOOF_SCREEN_VIDEO,NORMAL,UNKNOWN,False,SPOOFING_DETECTED,4.38,6.38,0.0,13.42,0.89,0.0,0.0,207.84,236.03,242.41,0.3323,0.0536,3.6079,3.69,0.0026,0.6987,0.0,0.68,5e94162bded8f84ea8fb8ab696602fdd21166bb54e129485fa10b07b849f1648,187347,730,34.73
2026-09-27 07:19:33,SPOOF_SCREEN_VIDEO,NORMAL,UNKNOWN,False,SPOOFING_DETECTED,4.61,6.61,0.0,13.09,0.82,0.0,0.0,208.13,236.49,243.1,0.2686,0.0474,3.5586,3.69,0.003,0.6679,0.0,0.68,881ce69aba2473e7ead65ddb05bc7bb79a42f03a07847397fde696b5a4b619db,187347,731,30.13
2026-09-27 07:19:37,SPOOF_SCREEN_VIDEO,NORMAL,UNKNOWN,False,SPOOFING_DETECTED,4.8,6.8,0.0,13.27,0.83,0.0,0.0,208.51,236.5,243.3,0.2631,0.05,3.6212,3.69,0.0026,0.707,0.0,0.68,cbdd3bf5fd4692ec8a7d7964d973e5d4873aeaaccdc735c49398664a125b80c8,187347,732,35.66
2026-09-27 07:19:44,SPOOF_SCREEN_VIDEO,NORMAL,UNKNOWN,False,SPOOFING_DETECTED,7.67,9.67,0.0,11.53,0.84,0.0,0.0,208.79,232.37,242.04,0.2603,0.0448,3.6696,3.69,0.0024,0.7373,0.0,0.68,dde0b87555f3fd6713a21352b05f7590673c1c97672c9382f0ea56c07aa096ad,187347,733,38.94
2026-09-27 07:19:49,SPOOF_SCREEN_VIDEO,NORMAL,admin,True,NONE_GRANTED,4.51,6.51,0.0,12.64,0.69,253.98,1.57,211.19,493.66,500.17,0.2557,0.0448,3.6946,3.69,0.0022,0.7528,0.3795,0.68,6b91e1a2f2b98a5ad897499e02e51fe31e66f042788ddfe08383bbc2c4a0ae48,247443,734,35.83
2026-09-27 07:19:56,SPOOF_SCREEN_VIDEO,NORMAL,UNKNOWN,False,SPOOFING_DETECTED,4.48,6.48,0.0,11.02,0.68,0.0,0.0,211.76,235.17,241.65,0.2796,0.0443,3.6776,3.69,0.0023,0.7422,0.0,0.68,01f799237fd4553dcdad6661a5c3e1153d5b429bd9bf7a3f97adac7a6d775458,187347,735,35.68
2026-09-27 07:20:01,SPOOF_SCREEN_VIDEO,NORMAL,UNKNOWN,False,SPOOFING_DETECTED,4.8,6.8,0.0,12.43,0.68,0.0,0.0,208.27,232.66,239.46,0.3034,0.047,3.637,3.69,0.0028,0.7169,0.0,0.68,75a2c79c769eb41e1d9da185354dc3f749432f591d210f63bf851c0fb436d87a,187347,736,33.53
2026-09-27 07:20:08,SPOOF_SCREEN_VIDEO,NORMAL,UNKNOWN,False,SPOOFING_DETECTED,4.73,6.73,0.0,11.3,0.65,0.0,0.0,207.94,230.42,237.15,0.3225,0.0401,3.6054,3.69,0.003,0.6971,0.0,0.68,e5ff642edb59dd6cc09df65eed1bcdb1fa2f55301c6be0c121a5b6b88cdd3a1d,187347,737,39.5
2026-09-27 07:20:12,SPOOF_SCREEN_VIDEO,NORMAL,UNKNOWN,False,SPOOFING_DETECTED,4.4,6.4,0.0,11.29,0.67,0.0,0.0,208.47,230.87,237.27,0.3125,0.0394,3.597,3.69,0.003,0.6918,0.0,0.68,9f6b5b114a12b151ad0efe66104faf71de46a6711da32e0467acee2deb5bf311,187347,738,32.19
2026-09-27 07:20:20,SPOOF_SCREEN_VIDEO,NORMAL,UNKNOWN,False,SPOOFING_DETECTED,4.58,6.58,0.0,11.86,0.66,0.0,0.0,208.24,232.41,238.99,0.3143,0.0406,3.5507,3.69,0.0033,0.663,0.0,0.68,f161ece2ac8a8b6f811c940657620e2c48e41ee6ac5c5ae3f2a7fde4f59b9a22,187347,739,32.75
2026-09-27 07:20:26,SPOOF_SCREEN_VIDEO,NORMAL,UNKNOWN,False,SPOOFING_DETECTED,4.61,6.61,0.0,11.54,0.66,0.0,0.0,208.75,232.3,238.91,0.3685,0.0416,3.6158,3.69,0.0028,0.7036,0.0,0.68,e0692b797df2fb742ef55b192472e53a33724c70ba55887e027fa9ba03513561,187347,740,34.75
2026-09-27 07:20:32,SPOOF_SCREEN_VIDEO,NORMAL,UNKNOWN,False,SPOOFING_DETECTED,4.34,6.34,0.0,12.13,0.78,0.0,0.0,209.44,233.63,239.97,0.262,0.0408,3.5805,3.69,0.0029,0.6816,0.0,0.68,e2b8bb73b7ef84b82095515e0b06293d8681f7e1a28bf188483ea294c33a0b32,187347,741,40.55
2026-09-27 07:20:37,SPOOF_SCREEN_VIDEO,NORMAL,UNKNOWN,False,SPOOFING_DETECTED,4.44,6.44,0.0,11.7,0.72,0.0,0.0,207.74,231.23,237.67,0.3219,0.0485,3.6162,3.69,0.0027,0.7038,0.0,0.68,61776abb807ce6c2d695f438cf060640a9c4cd5320492d3d365f59b4b5840e02,187347,742,34.29
2026-09-27 07:20:43,SPOOF_SCREEN_VIDEO,NORMAL,UNKNOWN,False,SPOOFING_DETECTED,4.8,6.8,0.0,11.87,0.67,0.0,0.0,207.84,231.73,238.53,0.2729,0.037,3.6352,3.69,0.0026,0.7158,0.0,0.68,cc18fba8f29e936f856f239822c7cba87ddd60763f2608eae161cc28772331ef,187347,743,35.69
2026-09-27 07:20:47,SPOOF_SCREEN_VIDEO,NORMAL,UNKNOWN,False,SPOOFING_DETECTED,4.29,6.29,0.0,12.06,0.81,0.0,0.0,208.34,232.43,238.72,0.2899,0.2323,3.6163,3.69,0.0027,0.704,0.0,0.68,86db76a9770cd48369a1754519c124c511b0c5ea669e567f8e93c7752c20ea5a,187347,744,33.4
2026-09-27 07:20:54,SPOOF_SCREEN_VIDEO,NORMAL,UNKNOWN,False,SPOOFING_DETECTED,4.43,6.43,0.0,11.4,0.67,0.0,0.0,207.9,230.76,237.19,0.2654,0.0496,3.5757,3.69,0.003,0.6786,0.0,0.68,c6a423145b2bfe223b57dae3910ab845a1df8ed6a34af66e2545f26f9891dc07,187347,745,35.09
2026-09-27 07:20:58,SPOOF_SCREEN_VIDEO,NORMAL,UNKNOWN,False,SPOOFING_DETECTED,4.51,6.51,0.0,11.57,0.7,0.0,0.0,208.07,230.89,237.4,0.261,0.0455,3.6127,3.69,0.0027,0.7016,0.0,0.68,f19dba6d6aae058cf5f7ac7b6f617d647833b7f400c2501c7a2fd15f364f01c8,187347,746,34.29
2026-09-27 07:21:07,SPOOF_SCREEN_VIDEO,NORMAL,UNKNOWN,False,SPOOFING_DETECTED,4.33,6.33,0.0,10.86,0.6,0.0,0.0,207.91,229.22,235.55,0.2675,0.0509,3.6134,3.69,0.0027,0.7022,0.0,0.68,92578b4264c9733e3114a7fe506ea0102ac0824a345bcbbad497e62d771dc630,187347,747,35.97
2026-09-27 07:21:13,SPOOF_SCREEN_VIDEO,NORMAL,UNKNOWN,False,SPOOFING_DETECTED,4.84,6.84,0.0,12.84,0.68,0.0,0.0,208.11,232.31,239.15,0.3074,0.0466,3.6651,3.69,0.0025,0.7345,0.0,0.68,40943285fc6bb316a8ac5f7d1e2b2ee40aebfda0fa45efaec5bd9535c7e7354b,187347,748,35.52
2026-09-27 07:21:20,SPOOF_SCREEN_VIDEO,NORMAL,UNKNOWN,False,SPOOFING_DETECTED,4.5,6.5,0.0,12.81,0.78,0.0,0.0,208.44,232.04,238.54,0.2627,0.1554,3.6291,3.69,0.0027,0.712,0.0,0.68,5a18d87753e90bf9f5e2e136710ee1efa2957bf194c6c7e219a04d5c3a68628c,187347,749,34.29
2026-09-27 07:21:25,SPOOF_SCREEN_VIDEO,NORMAL,UNKNOWN,False,SPOOFING_DETECTED,5.0,7.0,0.0,11.52,0.63,0.0,0.0,209.73,232.49,239.49,0.3106,0.0518,3.6786,3.69,0.0023,0.7429,0.0,0.68,2c1dd4d6bf9a73b781e335b9dd8cfe58606cf52616bf62d8834fff6ff5636f9a,187347,750,32.7
2026-09-27 07:21:30,SPOOF_SCREEN_VIDEO,NORMAL,UNKNOWN,False,SPOOFING_DETECTED,4.76,6.76,0.0,12.01,0.59,0.0,0.0,208.49,231.55,238.31,0.2581,0.0453,3.6507,3.69,0.0026,0.7254,0.0,0.68,b7a3b3efbf5b215983a2be01de0b2e321e2df01db8848ae445348268ff90468b,187347,751,32.96
2026-09-27 07:21:35,SPOOF_SCREEN_VIDEO,NORMAL,UNKNOWN,False,SPOOFING_DETECTED,4.72,6.72,0.0,11.59,0.6,0.0,0.0,208.46,230.95,237.67,0.2334,0.0489,3.6644,3.69,0.0025,0.734,0.0,0.68,630e639d366c23859cbc0cc4e73f2927b5c59040b4fa225cc4497b938e03490a,187347,752,36.61
2026-09-27 07:21:44,SPOOF_SCREEN_VIDEO,NORMAL,UNKNOWN,False,SPOOFING_DETECTED,4.42,6.42,0.0,11.98,0.66,0.0,0.0,207.75,230.59,237.01,0.2833,0.0638,3.5032,3.69,0.0039,0.6332,0.0,0.68,7c1c7d0751cf5cf857547d1aadca1b4003dc657a410a9aea167ee9517726a14b,187347,753,32.71
2026-09-27 07:21:49,SPOOF_SCREEN_VIDEO,NORMAL,UNKNOWN,False,SPOOFING_DETECTED,4.3,6.3,0.0,12.54,0.76,0.0,0.0,208.09,233.18,239.48,0.257,0.0563,3.1752,3.69,0.0069,0.5,0.0,0.68,e3fb636ceac93c7c10fcadad067e16b85348c14bc0f2043bee70c4e6f32e63db,187347,754,34.85
2026-09-27 07:21:57,SPOOF_SCREEN_VIDEO,NORMAL,UNKNOWN,False,SPOOFING_DETECTED,4.5,6.5,0.0,11.87,0.64,0.0,0.0,208.01,231.2,237.7,0.2612,0.0487,3.5962,3.69,0.0028,0.6914,0.0,0.68,b65601aef217a76dc29236fe49a4dd06d650fff4ca323ff26fca786ac9f97199,187347,755,37.02
2026-09-27 07:22:01,SPOOF_SCREEN_VIDEO,NORMAL,UNKNOWN,False,SPOOFING_DETECTED,4.45,6.45,0.0,12.15,0.65,0.0,0.0,208.52,231.84,238.29,0.2639,0.0569,3.6657,3.69,0.0024,0.7348,0.0,0.68,cd003524179a918d27fa67cbbd0b30226d8fa8752b7780614d9a10f1f173e31a,187347,756,33.26
2026-09-27 07:22:08,SPOOF_SCREEN_VIDEO,NORMAL,UNKNOWN,False,SPOOFING_DETECTED,4.45,6.45,0.0,12.5,0.66,0.0,0.0,208.61,233.22,239.67,0.2682,0.051,3.6426,3.69,0.0025,0.7204,0.0,0.68,26cb711e587b0a6bffc9700237facbb4fe4dbccbe130f93fc97fd1b441666836,187347,757,32.05
2026-09-27 07:22:14,SPOOF_SCREEN_VIDEO,NORMAL,UNKNOWN,False,SPOOFING_DETECTED,4.35,6.35,0.0,10.72,0.73,0.0,0.0,208.28,230.57,236.92,0.3116,0.0538,3.6778,3.69,0.0023,0.7424,0.0,0.68,cd0fa097e342dfb0163c9e01e91d1dbaf7c4224675e0fed364eb3035a53f455b,187347,758,31.17
2026-09-27 07:22:19,SPOOF_SCREEN_VIDEO,NORMAL,UNKNOWN,False,SPOOFING_DETECTED,4.54,6.54,0.0,12.67,0.66,0.0,0.0,208.36,232.52,239.06,0.2682,0.0454,3.6528,3.69,0.0024,0.7268,0.0,0.68,9c109fecf2ee2390e66f22e7804a913468bb2dc61a7f52a969c4d7da69c20cf7,187347,759,35.34
2026-09-27 07:22:24,SPOOF_SCREEN_VIDEO,NORMAL,UNKNOWN,False,SPOOFING_DETECTED,4.44,6.44,0.0,12.46,0.77,0.0,0.0,208.12,232.27,238.71,0.2975,0.0459,3.6722,3.69,0.0024,0.7389,0.0,0.68,3b9c0af7eaa3858eba4b8c94a8ee176c0ac25cc32a1e80c80a00d52a38547fea,187347,760,31.94
2026-09-27 07:22:30,SPOOF_SCREEN_VIDEO,NORMAL,UNKNOWN,False,SPOOFING_DETECTED,4.56,6.56,0.0,11.64,1.06,0.0,0.0,208.28,232.76,239.32,0.2664,0.1282,3.5039,3.69,0.0033,0.6337,0.0,0.68,d0f3ab6807cf38f0a21df500dbb4a10dd387c7587b68c26996f7ab3528737ca7,187347,761,34.38
2026-09-27 07:22:36,SPOOF_SCREEN_VIDEO,NORMAL,UNKNOWN,False,SPOOFING_DETECTED,4.33,6.33,0.0,12.25,0.66,0.0,0.0,208.38,232.14,238.47,0.3183,0.0479,3.6217,3.69,0.0026,0.7074,0.0,0.68,3cd58ed7ae7a2b96399032ffeddda8149a8a43d3d8391220420859de0736d861,187347,762,32.08
2026-09-27 07:22:51,SPOOF_SCREEN_VIDEO,NORMAL,admin,True,NONE_GRANTED,4.36,6.36,0.0,11.21,0.67,213.29,1.59,209.15,450.4,456.76,0.2702,0.0396,3.6962,3.69,0.0023,0.7539,0.3311,0.68,48e797658e3bc549936135ee914a37ec372faf0d319d91a059ce6f774f1a9a09,247443,763,37.82
2026-09-27 07:22:57,SPOOF_SCREEN_VIDEO,NORMAL,admin,True,NONE_GRANTED,4.52,6.52,0.0,11.49,0.61,198.2,1.66,209.46,434.4,440.92,0.2854,0.0565,3.7836,3.69,0.0019,0.8086,0.3832,0.68,61e2dc32bccb5f0294424b1792cbf6611bf8172a2609ca2e27e6b8059c67fc15,247443,764,33.75
2026-09-27 07:23:01,SPOOF_SCREEN_VIDEO,NORMAL,admin,True,NONE_GRANTED,4.32,6.32,0.0,11.23,1.27,200.59,1.96,208.97,438.06,444.38,0.2894,0.2075,3.7465,3.69,0.002,0.7854,0.4348,0.68,c7a9527f9f2413e2422ff37d16d7e8337c29464cf1c44c410893d286c6a067f3,247443,765,34.24
2026-09-27 07:23:12,SPOOF_SCREEN_VIDEO,NORMAL,UNKNOWN,False,SPOOFING_DETECTED,4.59,6.59,0.0,11.21,0.63,0.0,0.0,208.14,231.4,237.99,0.2824,0.2149,3.4522,3.69,0.0042,0.6014,0.0,0.68,13c2e9f35f537a38aebd56e6e4babcffdfb24917bd84f35ea2eee613d4f1f869,187347,766,33.74
2026-09-27 07:23:17,SPOOF_SCREEN_VIDEO,NORMAL,UNKNOWN,False,SPOOFING_DETECTED,4.37,6.37,0.0,11.54,0.65,0.0,0.0,209.09,232.48,238.85,0.3076,0.0616,3.6443,3.69,0.0026,0.7214,0.0,0.68,99fa2ed7c1c43f41f5a576bfbe91e3c6190d0e0ba315883f091791e16ee1e7a5,187347,767,32.84
2026-09-27 07:23:24,SPOOF_SCREEN_VIDEO,NORMAL,UNKNOWN,False,SPOOFING_DETECTED,5.07,7.07,0.0,11.48,0.61,0.0,0.0,208.24,230.76,237.83,0.2815,0.0706,3.1876,3.69,0.0071,0.5,0.0,0.68,83c0e61be45ee4ccc845f78d2e6666c442e3cc291cb45d38ff06573b87e77f5b,187347,768,32.67
2026-09-27 07:23:29,SPOOF_SCREEN_VIDEO,NORMAL,UNKNOWN,False,SPOOFING_DETECTED,4.17,6.17,0.0,11.38,0.63,0.0,0.0,208.36,230.64,236.81,0.3078,0.0503,3.3906,3.69,0.0046,0.5629,0.0,0.68,56ebb1181ae9c97291a4f62a98e1b1fc207e01809543549d49f814f466636cb9,187347,769,31.94
2026-09-27 07:23:33,SPOOF_SCREEN_VIDEO,NORMAL,UNKNOWN,False,SPOOFING_DETECTED,4.42,6.42,0.0,10.68,0.61,0.0,0.0,208.08,230.41,236.83,0.2535,0.2105,3.3812,3.69,0.0047,0.557,0.0,0.68,ed36b4c3a2ca327ea03a172f265e65f106963fe8c74140c38f5b822151e0c8e1,187347,770,34.67
2026-09-27 07:23:38,SPOOF_SCREEN_VIDEO,NORMAL,UNKNOWN,False,SPOOFING_DETECTED,4.45,6.45,0.0,11.32,0.68,0.0,0.0,208.36,231.06,237.51,0.3129,0.0563,3.4755,3.69,0.0039,0.616,0.0,0.68,49d81a55d6e4d56f60f97f071b7e1f568719e6b118bbf7a3533111dd2f8e94f4,187347,771,40.81
2026-09-27 07:23:43,SPOOF_SCREEN_VIDEO,NORMAL,UNKNOWN,False,SPOOFING_DETECTED,4.95,6.95,0.0,11.75,0.68,0.0,0.0,208.26,231.42,238.37,0.272,0.0555,3.4625,3.69,0.004,0.6078,0.0,0.68,756c5e3a2893cd3322a5594d3521911abbce9dc4b62035138e79d343dae46437,187347,772,37.56
2026-09-27 07:23:47,SPOOF_SCREEN_VIDEO,NORMAL,UNKNOWN,False,SPOOFING_DETECTED,4.73,6.73,0.0,13.32,0.64,0.0,0.0,208.49,233.9,240.63,0.2675,0.055,3.4753,3.69,0.004,0.6158,0.0,0.68,5b36c557bc4234dcadefc44cb9745883e620d19b6d318ed845e8ac3b5aba80f4,187347,773,29.85
2026-09-27 07:23:54,SPOOF_SCREEN_VIDEO,NORMAL,UNKNOWN,False,SPOOFING_DETECTED,5.79,7.79,0.0,11.91,0.67,0.0,0.0,207.74,232.13,239.92,0.2765,0.0468,3.5328,3.69,0.0033,0.6517,0.0,0.68,f41d2a8d63cde64cf8aaeb7f32a950fca7ccd44fe418c04664ef6d62de8dbb20,187347,774,35.66
2026-09-27 07:23:58,SPOOF_SCREEN_VIDEO,NORMAL,UNKNOWN,False,SPOOFING_DETECTED,4.27,6.27,0.0,11.48,0.68,0.0,0.0,208.41,231.78,238.05,0.3169,0.0496,3.5231,3.69,0.0033,0.6457,0.0,0.68,81c912c821f6e5f017811c6186effff758ad49b786b9595e7df6119155f79204,187347,775,33.87
2026-09-27 07:24:04,SPOOF_SCREEN_VIDEO,NORMAL,UNKNOWN,False,SPOOFING_DETECTED,4.9,6.9,0.0,10.79,0.65,0.0,0.0,208.07,230.27,237.17,0.272,0.05,3.506,3.69,0.0035,0.635,0.0,0.68,dc75f7541bb72cc6e81a66f9f8861f0acfdecfe1218862edd85996220c48c8c7,187347,776,32.39
2026-09-27 07:24:09,SPOOF_SCREEN_VIDEO,NORMAL,UNKNOWN,False,SPOOFING_DETECTED,4.46,6.46,0.0,11.68,1.94,0.0,0.0,211.2,237.61,244.07,0.3205,0.0506,3.5504,3.69,0.0031,0.6627,0.0,0.68,7a9030dd50d60025aa58deb87f922498a0873a997329303ce4e6951ea17b0675,187347,777,30.8
2026-09-27 07:24:13,SPOOF_SCREEN_VIDEO,NORMAL,UNKNOWN,False,SPOOFING_DETECTED,4.47,6.47,0.0,12.09,0.8,0.0,0.0,209.26,233.56,240.03,0.2637,0.0491,3.4775,3.69,0.0038,0.6172,0.0,0.68,e99cfafe8acb8b520a0a1768fb7b6cadf64de0a279d44bd2fca0ec564c40150f,187347,778,32.04
2026-09-27 07:24:18,SPOOF_SCREEN_VIDEO,NORMAL,UNKNOWN,False,SPOOFING_DETECTED,4.32,6.32,0.0,12.08,0.64,0.0,0.0,211.15,234.75,241.07,0.3234,0.0457,3.5752,3.69,0.0032,0.6782,0.0,0.68,5e9e83059a1ecb3f4bdef569c70e17298bd87bcd3f79a28b51cca9f32fefce67,187347,779,37.19
2026-09-27 07:24:23,SPOOF_SCREEN_VIDEO,NORMAL,UNKNOWN,False,SPOOFING_DETECTED,4.74,6.74,0.0,17.9,1.01,0.0,0.0,209.37,240.96,247.7,0.2656,0.0507,3.5047,3.69,0.0036,0.6342,0.0,0.68,578ccd84902d08d0d4c6b687181f2df4d155393e9150fb8d353668fe80988218,187347,780,30.76
2026-09-27 07:24:28,SPOOF_SCREEN_VIDEO,NORMAL,UNKNOWN,False,SPOOFING_DETECTED,5.36,7.36,0.0,11.17,0.64,0.0,0.0,209.56,232.26,239.62,0.3062,0.051,3.5757,3.69,0.003,0.6786,0.0,0.68,79acc5d76b4b52f95c8dc8c41639ffb6a1568fd5520cd955840f4fe356e5ce1d,187347,781,31.07
2026-09-27 07:24:32,SPOOF_SCREEN_VIDEO,NORMAL,UNKNOWN,False,SPOOFING_DETECTED,5.39,7.39,0.0,11.72,0.64,0.0,0.0,212.82,241.26,248.65,0.2435,0.2069,3.4567,3.69,0.0041,0.6042,0.0,0.68,3e93920dc11dd99252df570c6b53c011bb1a5523b1327bf68721ceea9deac83b,187347,782,33.9
2026-09-27 07:24:40,SPOOF_SCREEN_VIDEO,NORMAL,UNKNOWN,False,SPOOFING_DETECTED,4.31,6.31,0.0,12.6,0.64,0.0,0.0,207.83,231.85,238.16,0.2704,0.0427,3.5659,3.69,0.0032,0.6724,0.0,0.68,f852b6be6e4d432ad55fe9952c3e5cc6e20da9eb90d7db290d79f337816dc788,187347,783,35.07
2026-09-27 07:24:45,SPOOF_SCREEN_VIDEO,NORMAL,UNKNOWN,False,SPOOFING_DETECTED,4.59,6.59,0.0,11.88,0.63,0.0,0.0,208.11,230.95,237.54,0.2375,0.173,3.5188,3.69,0.0037,0.643,0.0,0.68,40c30ca0668499f29738b9f0760465204d611a1ef621b29d37359e1bf3f1f723,187347,784,34.52
2026-09-27 07:24:54,SPOOF_SCREEN_VIDEO,NORMAL,UNKNOWN,False,SPOOFING_DETECTED,4.53,6.53,0.0,11.86,0.76,0.0,0.0,211.04,234.47,241.0,0.2761,0.0786,3.4031,3.69,0.0045,0.5707,0.0,0.68,2eed26d116939176941808a35daa4350291c6a70ec699e8a00e83311c8ef5f77,187347,785,32.7
2026-09-27 07:24:58,SPOOF_SCREEN_VIDEO,NORMAL,UNKNOWN,False,SPOOFING_DETECTED,4.53,6.53,0.0,11.14,0.63,0.0,0.0,208.19,230.47,237.0,0.2775,0.2354,3.5181,3.69,0.0038,0.6426,0.0,0.68,12027b2eade41b65b958c4d7ab68c0be393cbd68785b234dd5e8d1ffc7f08c37,187347,786,32.84
2026-09-27 07:25:05,SPOOF_SCREEN_VIDEO,NORMAL,UNKNOWN,False,SPOOFING_DETECTED,4.71,6.71,0.0,12.25,0.83,0.0,0.0,210.65,236.46,243.17,0.2748,0.1809,3.2479,3.69,0.0061,0.5,0.0,0.68,4b1138b3375f1cc66b59ef8ebfa67a25223034f639e226f3d9681eb0de5abe64,187347,787,35.58
2026-09-27 07:25:11,SPOOF_SCREEN_VIDEO,NORMAL,UNKNOWN,False,SPOOFING_DETECTED,4.17,6.17,0.0,12.21,0.66,0.0,0.0,208.73,232.62,238.79,0.3204,0.0529,3.3238,3.69,0.0057,0.5212,0.0,0.68,ea6e48f1a3cdef816a712b49700e55815b799177a0721e54f41accc4c737a9c3,187347,788,32.18
2026-09-27 07:25:18,SPOOF_SCREEN_VIDEO,NORMAL,UNKNOWN,False,SPOOFING_DETECTED,4.86,6.86,0.0,12.06,0.66,0.0,0.0,207.76,230.99,237.85,0.2555,0.107,3.3108,3.69,0.0057,0.513,0.0,0.68,0714bdcfe71cd45c9d2e97475d6d0bc3d68cb6d3894788db872b641a07b10554,187347,789,32.9
2026-09-27 07:25:23,SPOOF_SCREEN_VIDEO,NORMAL,UNKNOWN,False,SPOOFING_DETECTED,4.59,6.59,0.0,11.78,0.66,0.0,0.0,208.98,232.76,239.35,0.2677,0.0526,3.2519,3.69,0.0063,0.5,0.0,0.68,a8d7d107448cbf666616c2b74682d125ac88e9934635e93aa40d6ae5d78e13ef,187347,790,32.64
2026-09-27 07:25:29,SPOOF_SCREEN_VIDEO,NORMAL,UNKNOWN,False,SPOOFING_DETECTED,4.52,6.52,0.0,10.71,0.69,0.0,0.0,207.93,231.14,237.66,0.2688,0.0633,3.232,3.69,0.0066,0.5,0.0,0.68,8afb712f30e35f252d6b9c59c10ee214446e32401e4445f47e75ffae1a267da1,187347,791,35.12
2026-09-27 07:25:38,SPOOF_SCREEN_VIDEO,NORMAL,UNKNOWN,False,SPOOFING_DETECTED,4.47,6.47,0.0,11.75,1.61,0.0,0.0,207.89,232.84,239.31,0.2695,0.079,3.3173,3.69,0.0057,0.517,0.0,0.68,fd44ef02aec5e6a1bffeed603632240c45611c8a85a907bde4c2c7f264421ab3,187347,792,35.61
2026-09-27 07:25:42,SPOOF_SCREEN_VIDEO,NORMAL,UNKNOWN,False,SPOOFING_DETECTED,5.08,7.08,0.0,15.24,1.51,0.0,0.0,214.34,242.74,249.82,0.2741,0.2325,3.1825,3.69,0.0069,0.5,0.0,0.68,d44cfbda5e4645fc1cfb05de79aa599c497508ddd7c9ad13bfcb6bc8c7428702,187347,793,35.56
2026-09-27 07:25:49,SPOOF_SCREEN_VIDEO,NORMAL,UNKNOWN,False,SPOOFING_DETECTED,4.31,6.31,0.0,11.71,0.65,0.0,0.0,208.05,230.85,237.16,0.2804,0.0488,3.2765,3.69,0.006,0.5,0.0,0.68,0f5a02fa946e4ce6fae9574e8d0000642d386c081047af36b53ff0c038232267,187347,794,35.88
2026-09-27 07:25:54,SPOOF_SCREEN_VIDEO,NORMAL,UNKNOWN,False,SPOOFING_DETECTED,4.55,6.55,0.0,11.35,0.65,0.0,0.0,208.5,231.89,238.44,0.2551,0.0527,3.4115,3.69,0.0046,0.5759,0.0,0.68,09fd1c0cf2bf84507371293d173fd7543d6b3acc51fc502a0b22b1295fe6ee80,187347,795,34.99
2026-09-27 07:25:59,SPOOF_SCREEN_VIDEO,NORMAL,UNKNOWN,False,SPOOFING_DETECTED,4.45,6.45,0.0,11.49,0.64,0.0,0.0,207.77,230.56,237.01,0.3147,0.0579,3.4723,3.69,0.0042,0.614,0.0,0.68,eea847db29f52681decdb4f444493b902fa403274638a420d456de2c2f893bcf,187347,796,34.07
2026-09-27 07:26:05,SPOOF_SCREEN_VIDEO,NORMAL,UNKNOWN,False,SPOOFING_DETECTED,4.56,6.56,0.0,11.22,0.64,0.0,0.0,207.75,229.81,236.37,0.2713,0.0578,3.4136,3.69,0.0047,0.5772,0.0,0.68,4254332ba8c6fbe02a3accc84e6d94ee88cf6a566d518469c2b7ccff3e0980ef,187347,797,35.49
2026-09-27 07:26:10,SPOOF_SCREEN_VIDEO,NORMAL,UNKNOWN,False,SPOOFING_DETECTED,4.45,6.45,0.0,11.54,0.74,0.0,0.0,207.79,230.49,236.94,0.2976,0.0562,3.2423,3.69,0.0064,0.5,0.0,0.68,69a310feac995caca074ee4f24c0671aed934683d116252b8d492c910ca5a4c8,187347,798,34.04
2026-09-27 07:26:14,SPOOF_SCREEN_VIDEO,NORMAL,UNKNOWN,False,SPOOFING_DETECTED,4.26,6.26,0.0,11.48,0.63,0.0,0.0,208.25,230.94,237.2,0.2609,0.201,3.2166,3.69,0.0064,0.5,0.0,0.68,b47afcbc87675696c7faa36132fb357ffa1835cf9d3acc792cf68d972c2d316d,187347,799,34.4
2026-09-27 07:26:19,SPOOF_SCREEN_VIDEO,NORMAL,UNKNOWN,False,SPOOFING_DETECTED,4.21,6.21,0.0,16.61,0.9,0.0,0.0,213.36,244.89,251.1,0.2737,0.0538,3.3273,3.69,0.0053,0.5233,0.0,0.68,e1443014f3f1dda8250558a1b1d74912685cae273901cb2e1c0a161dbf54ba78,187347,800,26.8
2026-09-27 07:26:23,SPOOF_SCREEN_VIDEO,NORMAL,UNKNOWN,False,SPOOFING_DETECTED,4.54,6.54,0.0,11.41,0.65,0.0,0.0,210.27,233.36,239.9,0.2711,0.0476,3.4839,3.69,0.0038,0.6212,0.0,0.68,e2a82f0dc2590848fc030046f60862e02e0698d342a2411ee90383d88e5dca66,187347,801,45.02
2026-09-27 17:28:24,LIVE_USER,NORMAL,admin,True,NONE_GRANTED,5.14,7.14,0.0,0.0,0.0,282.38,2.2,214.57,506.58,513.72,0.3272,0.2145,0.0,3.716,0.0,1.0,0.5852,0.6,aa69ac4e3d7fa0f66636670067b46d6e7c40c0cedb11c28dc95320338b497ca4,247515,1264,38.85
2026-09-27 17:28:32,LIVE_USER,NORMAL,admin,False,UNKNOWN_FACE_OR_NO_MATCH,5.81,7.81,0.0,0.0,0.0,262.1,1.51,211.9,483.64,491.45,0.6895,0.2379,0.0,3.716,0.0,1.0,0.9045,0.6,781e2ca6b5fee2cd892067a632870f39b03e44ffba3b24f994f0e075a83296dc,207319,1265,37.62
2026-09-27 17:28:40,LIVE_USER,NORMAL,admin,False,UNKNOWN_FACE_OR_NO_MATCH,5.86,7.86,0.0,0.0,0.0,236.41,1.48,211.65,452.67,460.53,0.3134,0.2199,0.0,3.716,0.0,1.0,0.6038,0.6,03278de7eef16d0315fbc071efff37a41d40009e2b8ae5ce0f6ceba0453b1d07,207319,1266,38.7
2026-09-27 17:28:48,LIVE_USER,NORMAL,admin,True,NONE_GRANTED,6.25,8.25,0.0,0.0,0.0,247.39,1.59,216.2,470.6,478.85,0.3036,0.2261,0.0,3.716,0.0,1.0,0.3257,0.6,c61ccbe33a96ddf8ecdf5f0c64db97ca42e1a52daaa7ce6c3958db1a88bf1827,247515,1267,38.35
2026-09-27 17:28:53,LIVE_USER,NORMAL,admin,True,NONE_GRANTED,6.74,8.74,0.0,0.0,0.0,247.87,1.54,212.94,466.91,475.65,0.2901,0.1625,0.0,3.716,0.0,1.0,0.4262,0.6,ecc4b6710b2d25862d57ea97249a90ea0c8a643aa5b1d2ce86584210a364ffb0,247515,1268,37.52
2026-09-27 17:28:59,LIVE_USER,NORMAL,admin,False,UNKNOWN_FACE_OR_NO_MATCH,5.26,7.26,0.0,0.0,0.0,223.68,1.79,211.77,441.01,448.27,0.2532,0.0975,0.0,3.716,0.0,1.0,0.6977,0.6,fbb7dc23d4afed146b0871cfd1fce18848afb6fff286e7af3686ecfeaf952d53,207319,1269,38.5
2026-09-27 17:29:04,LIVE_USER,NORMAL,admin,True,NONE_GRANTED,5.73,7.73,0.0,0.0,0.0,235.54,1.59,213.71,455.29,463.02,0.2425,0.1114,0.0,3.716,0.0,1.0,0.5557,0.6,93f0d743e4e7e977e94160e37b611fae0871ce0a483f6a239f3b14395609b072,247515,1270,38.36
2026-09-27 17:29:11,LIVE_USER,NORMAL,TEST-001,False,UNKNOWN_FACE_OR_NO_MATCH,5.91,7.91,0.0,0.0,0.0,351.12,2.33,226.52,589.36,597.27,0.293,0.2107,0.0,3.716,0.0,1.0,0.8947,0.6,33f4abf17bc0135c90d985acdb04162c62d75df2be99a4129e5ee4da8eb57032,207355,1271,41.02
2026-09-27 17:29:27,LIVE_USER,NORMAL,admin,False,UNKNOWN_FACE_OR_NO_MATCH,6.05,8.05,0.0,11.91,0.0,263.83,1.62,214.8,517.81,525.86,0.2071,0.1732,3.7162,3.716,0.0025,0.6502,0.6553,0.6,cf1bcd9a6ac729ee736b43fcc2cb97de496fd70eb37804fd9f180075ba2b2c98,207319,1272,40.12
2026-09-27 17:30:04,LIVE_USER,NORMAL,admin,True,NONE_GRANTED,6.07,8.07,0.0,14.12,0.0,245.74,1.26,213.4,490.69,498.76,0.2915,0.2239,3.7756,3.716,0.002,0.7022,0.5607,0.6,0bf4019f1737784ad6ca52e6002c5b160cb735119890b529e003c587d3b439c6,247515,1273,36.14
2026-09-27 17:30:52,LIVE_USER,NORMAL,admin,True,NONE_GRANTED,4.41,6.41,0.0,12.69,0.0,230.92,1.05,212.66,472.13,478.54,0.2939,0.1934,3.7907,3.716,0.0023,0.7154,0.5503,0.6,06fe4b1aafe05c06e431decd676540470da6ec3d03df0ba55354f5da0bb8be98,247515,1274,38.04
2026-09-27 17:31:05,LIVE_USER,NORMAL,UNKNOWN,False,UNKNOWN_FACE_OR_NO_MATCH,4.52,6.52,0.0,14.29,0.0,59.8,0.0,209.6,298.74,305.26,0.2933,0.1756,3.8229,3.716,0.0021,0.7435,0.0,0.6,222c012e0f6b5d6abc22dba574dcee850e9b743ed4ad517f7d927fda85be55c6,187419,1275,37.35
2026-09-27 17:31:21,LIVE_USER,NORMAL,admin,True,NONE_GRANTED,5.11,7.11,0.0,11.86,0.0,192.76,1.59,214.01,436.05,443.16,0.2948,0.0427,3.7275,3.716,0.0021,0.66,0.5248,0.6,04038d7c8adbaefd7e6d80a093c197483fc46094f325e61ae921a45325b2c4e2,247503,1276,39.68
2026-09-27 17:31:27,LIVE_USER,NORMAL,UNKNOWN,False,SPOOFING_DETECTED,5.0,7.0,0.0,10.93,0.0,0.0,0.0,211.21,236.21,243.21,0.2977,0.0531,3.6582,3.716,0.0025,0.5995,0.0,0.6,66ff4328093a28c07b01c523b0bfaaf76dc6d114e3576290324b607dac45fe42,187419,1277,34.19
2026-09-27 17:31:33,LIVE_USER,NORMAL,UNKNOWN,False,SPOOFING_DETECTED,4.89,6.89,0.0,11.3,0.0,0.0,0.0,211.11,235.83,242.72,0.2901,0.0412,3.6504,3.716,0.0025,0.5926,0.0,0.6,8cdb4109e2bef26126669137174674bed42fe268d9c77387a3df6c0491af92f3,187419,1278,34.97
2026-09-27 17:31:37,LIVE_USER,NORMAL,UNKNOWN,False,SPOOFING_DETECTED,4.76,6.76,0.0,14.81,0.0,0.0,0.0,210.4,235.92,242.68,0.2783,0.2077,3.6721,3.716,0.0024,0.6116,0.0,0.6,e617a821fcc96bc28695f1e28da06cfd8f23d5c256dd56e69d3152efe382bd3e,187419,1279,36.52
2026-09-27 17:31:42,LIVE_USER,NORMAL,UNKNOWN,False,SPOOFING_DETECTED,4.86,6.86,0.0,11.63,0.0,0.0,0.0,211.16,233.23,240.09,0.3049,0.0464,3.6473,3.716,0.0027,0.5899,0.0,0.6,069193dcd3694f91c46c46029cd2b9019ce7aa8cbc657beaa5b95cdbb6722262,187419,1280,35.92
2026-09-27 17:31:52,LIVE_USER,NORMAL,UNKNOWN,False,SPOOFING_DETECTED,5.15,7.15,0.0,14.87,0.72,0.0,0.0,211.3,240.77,247.92,0.217,0.1646,3.7356,3.716,0.0023,0.5622,0.0,0.6,d1f2d19f64dec3793286c7d875c2a59f7850700320d10ec71c5abaa7e49dc4d2,187419,1281,36.91
2026-09-27 17:32:03,LIVE_USER,NORMAL,UNKNOWN,False,SPOOFING_DETECTED,4.67,6.67,0.0,11.43,0.66,0.0,0.0,210.16,236.68,243.35,0.24,0.0344,3.6854,3.716,0.0023,0.5309,0.0,0.6,b6c2d77c8b7e5b9d1244beebb77bf8ef35880ee3a68359b0624d15767887200d,187419,1282,34.73
2026-09-27 17:32:08,LIVE_USER,NORMAL,UNKNOWN,False,SPOOFING_DETECTED,4.99,6.99,0.0,11.72,0.65,0.0,0.0,210.45,233.22,240.21,0.2642,0.04,3.7126,3.716,0.0022,0.5478,0.0,0.6,455a99ab4ac6be0232b41738d441bb548d7e23e3cbc6e6b0a1e26821a0a3f982,187419,1283,39.17
2026-09-27 17:32:12,LIVE_USER,NORMAL,UNKNOWN,False,SPOOFING_DETECTED,4.98,6.98,0.0,10.83,0.64,0.0,0.0,210.46,233.3,240.28,0.3134,0.2383,3.7536,3.716,0.002,0.5735,0.0,0.6,8d57a825d63676e146aebcd3ce6f6175c154a845148dd3c16825037f2d6f82f1,187419,1284,36.58
2026-09-27 17:32:16,LIVE_USER,NORMAL,UNKNOWN,False,SPOOFING_DETECTED,6.04,8.04,0.0,11.73,1.01,0.0,0.0,213.96,237.43,245.47,0.2658,0.0486,3.7473,3.716,0.002,0.5696,0.0,0.6,fa3af5fcd7c056d27612769781ce36ce8a488ded0570b3b7049c015095036353,187419,1285,36.03
2026-09-27 17:32:20,LIVE_USER,NORMAL,UNKNOWN,False,SPOOFING_DETECTED,5.23,7.23,0.0,11.17,0.69,0.0,0.0,211.02,233.98,241.21,0.2532,0.1886,3.7466,3.716,0.002,0.5691,0.0,0.6,6d8c860f75fc855fda8cc751dccbbc24591c994e9c59899f2d0d638ca4a96226,187419,1286,31.97
2026-09-27 17:32:26,LIVE_USER,NORMAL,UNKNOWN,False,SPOOFING_DETECTED,4.98,6.98,0.0,13.18,0.88,0.0,0.0,210.54,236.12,243.1,0.275,0.197,3.7411,3.716,0.0021,0.5657,0.0,0.6,9a49c10c6aee8fcf29a519608df61db49e8af434d2b5dc9c04aca981275ac661,187419,1287,35.15
2026-09-27 17:32:31,LIVE_USER,NORMAL,UNKNOWN,False,SPOOFING_DETECTED,5.37,7.37,0.0,11.7,0.78,0.0,0.0,210.78,234.36,241.73,0.2758,0.0449,3.6981,3.716,0.0022,0.5389,0.0,0.6,a57fbdeede81f2917ced10f78945615fee4ab7be0e49d1c607aad51311e9aa38,187419,1288,38.41
2026-09-27 17:32:35,LIVE_USER,NORMAL,UNKNOWN,False,SPOOFING_DETECTED,5.04,7.04,0.0,11.07,1.16,0.0,0.0,209.62,234.72,241.76,0.2837,0.2378,3.6687,3.716,0.0024,0.5205,0.0,0.6,6036d5c245208610d6b569139819d1e6716272a0e0fec99a8c57ac1ddc2ced8d,187419,1289,35.71
2026-09-27 17:32:41,LIVE_USER,NORMAL,UNKNOWN,False,SPOOFING_DETECTED,4.99,6.99,0.0,11.66,0.65,0.0,0.0,210.11,234.55,241.54,0.3081,0.0422,3.7522,3.716,0.002,0.5726,0.0,0.6,48134934b02dbd70f08e2f6684fcf69b65996433ac9c6f7d5a51992c8fc228a5,187419,1290,35.45
2026-09-27 17:32:45,LIVE_USER,NORMAL,UNKNOWN,False,SPOOFING_DETECTED,5.11,7.11,0.0,10.92,0.63,0.0,0.0,211.33,234.34,241.45,0.2576,0.044,3.7121,3.716,0.0022,0.5476,0.0,0.6,7f043b6ed336d0c2703f688a2c2c6501c840f4a8f9eb23a3e8425c7e39a4aba5,187419,1291,35.14
2026-09-27 17:32:50,LIVE_USER,NORMAL,UNKNOWN,False,SPOOFING_DETECTED,6.43,8.43,0.0,11.02,0.69,0.0,0.0,210.12,234.03,242.46,0.2624,0.0413,3.7159,3.716,0.0021,0.5499,0.0,0.6,17c9d5c88349d85d04fc3a797498b09754fb4811cccfcd8b701f9b9545e752b7,187419,1292,35.43
2026-09-27 17:32:54,LIVE_USER,NORMAL,UNKNOWN,False,SPOOFING_DETECTED,5.16,7.16,0.0,12.96,0.75,0.0,0.0,211.42,237.49,244.65,0.3032,0.1936,3.7737,3.716,0.002,0.586,0.0,0.6,43d907c4cb6256843da7eb5f132599c13a62d108ea29597eee3d212d49f673c9,187419,1293,35.11
2026-09-27 17:32:58,LIVE_USER,NORMAL,UNKNOWN,False,SPOOFING_DETECTED,5.22,7.22,0.0,13.24,0.75,0.0,0.0,210.05,237.47,244.69,0.2958,0.1714,3.7132,3.716,0.0023,0.5482,0.0,0.6,776575d1f07903a5ad573bd86d38f1b65cfeddf6cea71d7c3899c36f9f8b1d2e,187419,1294,33.43
2026-09-27 17:33:03,LIVE_USER,NORMAL,admin,False,UNKNOWN_FACE_OR_NO_MATCH,5.2,7.2,0.0,11.9,2.06,220.61,1.46,211.5,462.8,470.0,0.4703,0.1182,3.7625,3.716,0.0027,0.754,0.6786,0.6,c2830c37a97fb2d32d2b0e5adbdaba49f0b3e504d4ddaee8f71ee38ddbc8d564,207319,1295,37.25
2026-09-27 17:33:07,LIVE_USER,NORMAL,UNKNOWN,False,SPOOFING_DETECTED,4.54,6.54,0.0,12.01,0.74,0.0,0.0,210.63,235.7,242.24,0.8785,0.233,3.6673,3.716,0.0025,0.5196,0.0,0.6,49505c2c369d6a813d38614005c3da4e5ebdd667f12acca9a369e4f0d4d5e96c,187419,1296,37.18
2026-09-27 17:33:11,LIVE_USER,NORMAL,UNKNOWN,False,SPOOFING_DETECTED,4.74,6.74,0.0,12.19,0.71,0.0,0.0,209.48,235.81,242.55,0.3581,0.2397,3.8081,3.716,0.0018,0.6076,0.0,0.6,b5dde6a64dd63c9258cff887795785771663acc105a72398d0272b5982db2c85,187419,1297,33.27
2026-09-27 17:33:16,LIVE_USER,NORMAL,UNKNOWN,False,SPOOFING_DETECTED,4.72,6.72,0.0,16.71,0.81,0.0,0.0,210.25,241.0,247.72,0.4094,0.206,3.7803,3.716,0.002,0.5902,0.0,0.6,a29493dfc08de1580e523c6eda5cd8ae45f8a3e585b854fae18f0b950abf169d,187419,1298,35.37
2026-09-27 17:33:22,LIVE_USER,NORMAL,UNKNOWN,False,SPOOFING_DETECTED,4.98,6.98,0.0,12.09,0.69,0.0,0.0,210.01,235.74,242.72,0.465,0.0824,3.7895,3.716,0.002,0.7709,0.0,0.6,20bf969e066cddd9154eeadd3457eb64504ceb72a165c25baeaad5d91fb8f5cc,187419,1299,35.86
2026-09-27 17:33:31,LIVE_USER,NORMAL,admin,True,NONE_GRANTED,4.58,6.58,0.0,12.14,0.79,247.17,2.01,210.88,494.02,500.6,0.3251,0.2208,3.7603,3.716,0.0023,0.7527,0.5233,0.6,7a88ddc987a3cb573da47490ccd05629734183e1d890dc70b366ea6738aaca2d,247515,1300,35.16
2026-09-27 17:34:23,LIVE_USER,NORMAL,admin,False,UNKNOWN_FACE_OR_NO_MATCH,5.09,7.09,0.0,12.03,0.0,246.91,1.54,209.53,490.43,497.52,0.2826,0.2005,3.8035,3.716,0.002,0.7266,0.9272,0.6,6155b3403a7a647ad3828a6a1abb070696e3ccc6dac0fd1f5cae306ab9f577e3,207319,1301,34.98
2026-09-27 17:34:32,LIVE_USER,NORMAL,admin,True,NONE_GRANTED,5.38,7.38,0.0,10.84,0.0,228.53,1.61,209.96,466.58,473.96,0.2846,0.0107,3.7731,3.716,0.0021,0.7,0.4232,0.6,08d63b1b43b50ceb4b79143703c49c96f4690748a2168088bf608aec355b8b82,247515,1302,38.95
2026-09-27 17:34:38,IMPOSTOR_LIVE,NORMAL,UNKNOWN,False,SPOOFING_DETECTED,4.79,6.79,0.0,11.62,0.0,0.0,0.0,210.07,233.17,239.96,0.2767,0.2093,3.6744,3.716,0.0025,0.6136,0.0,0.6,28d0161b8d20f97ccda7b6b06f2cef0aa99481dd26ccf5ce0789e12235a97c64,187419,1303,37.93
2026-09-27 17:34:43,SPOOF_PHOTO_PRINT,NORMAL,admin,True,NONE_GRANTED,7.11,9.11,0.0,11.59,0.0,223.55,1.99,210.02,460.6,469.71,0.2871,0.216,3.7797,3.716,0.002,0.7057,0.4349,0.6,aedbfb8c0337abd8248557064de7543b6b90c17bf782d5776eca6dbd41114a80,247503,1304,37.46
2026-09-27 17:34:44,SPOOF_PHOTO_PRINT,NORMAL,admin,True,NONE_GRANTED,2.5,4.5,0.0,11.42,0.0,231.31,2.13,209.73,468.69,473.19,0.2827,0.216,3.7851,3.716,0.0021,0.7104,0.3727,0.6,af7bac5511b7267ce64a23dd73a47d53af5cb0c6ca62272aacef259ccf225e85,247515,1305,35.91
2026-09-27 17:34:49,SPOOF_PHOTO_PRINT,NORMAL,admin,True,NONE_GRANTED,2.5,4.5,0.0,11.15,0.0,218.64,2.09,210.6,456.18,460.68,0.2856,0.216,3.7833,3.716,0.0021,0.7089,0.4155,0.6,286aea7e6cc4de9a48444a798a7b34df3001365e1e273b1a434d39a6c1e69296,247515,1306,32.01
2026-09-27 17:34:55,SPOOF_PHOTO_PRINT,NORMAL,admin,True,NONE_GRANTED,2.5,4.5,0.0,11.82,0.0,212.75,2.0,209.76,451.43,455.93,0.2915,0.216,3.7963,3.716,0.002,0.7202,0.4374,0.6,7f0713ab05e19c9d2a59c796d97787e31696edc120c1da8c43797fd70760576d,247515,1307,35.7
2026-09-27 17:35:01,SPOOF_PHOTO_PRINT,NORMAL,admin,True,NONE_GRANTED,2.5,4.5,0.0,13.28,0.0,235.34,1.5,212.49,476.95,481.45,0.3049,0.216,3.7806,3.716,0.0021,0.7065,0.3934,0.6,147088ceff6bb6ea8d1566c1623b62b4e9d719c10d9e0b72de204b0b351e9b86,247503,1308,37.56
2026-09-27 17:35:05,SPOOF_PHOTO_PRINT,NORMAL,admin,True,NONE_GRANTED,4.72,6.72,0.0,12.03,0.0,225.49,1.52,210.31,464.71,471.43,0.2572,0.1896,3.7461,3.716,0.0021,0.6764,0.532,0.6,378a2c5789a759986ba8f7530a62a7f7bc1d4740863220e5d3089270b8403d93,247515,1309,38.87
2026-09-27 17:35:07,SPOOF_PHOTO_PRINT,NORMAL,admin,True,NONE_GRANTED,2.5,4.5,0.0,11.41,0.0,379.56,1.95,210.22,616.18,620.68,0.2764,0.1896,3.7794,3.716,0.0022,0.7055,0.4516,0.6,54d943986998d8b4696b3188629830b5e80a2da87496b0ab944eb832524d6d27,247503,1310,38.33
2026-09-27 17:35:12,SPOOF_PHOTO_PRINT,NORMAL,admin,False,UNKNOWN_FACE_OR_NO_MATCH,5.4,7.4,0.0,11.42,0.0,219.99,1.62,209.0,455.1,462.5,0.2607,0.1366,3.7421,3.716,0.0021,0.6728,0.6835,0.6,5851c322702eafd73a8e6a2d2a9c3835fd743ad530df6caaa6ecb6eaab71639a,207319,1311,48.91
2026-09-27 17:35:13,SPOOF_PHOTO_PRINT,NORMAL,admin,True,NONE_GRANTED,2.5,4.5,0.0,17.02,0.0,266.26,1.16,237.12,540.09,544.59,0.2859,0.1366,3.7926,3.716,0.002,0.717,0.4299,0.6,167079ca0a889f3c7e3e12fcbdb3841ed68dd65be9b343d0ba4c4656895d0f60,247515,1312,33.31
2026-09-27 17:35:15,SPOOF_PHOTO_PRINT,NORMAL,admin,True,NONE_GRANTED,2.5,4.5,0.0,11.38,0.0,221.29,1.59,211.11,459.87,464.37,0.2941,0.1366,3.771,3.716,0.0021,0.6982,0.4685,0.6,027696585f388d216bed893950f207659ca9b4d88221a894501f5f5b9f5694c1,247503,1313,33.44
2026-09-27 17:35:27,SPOOF_PHOTO_PRINT,NORMAL,admin,False,UNKNOWN_FACE_OR_NO_MATCH,4.55,6.55,0.0,11.49,0.0,234.59,1.85,208.78,476.15,482.7,0.308,0.1441,3.822,3.716,0.0018,0.7428,0.9571,0.6,d1f01309d6529df79f39cd5ce78ace7723e9593183e48a07687e35745a81fbe6,207319,1314,33.47
2026-09-27 17:35:34,SPOOF_PHOTO_PRINT,NORMAL,TEST-001,False,UNKNOWN_FACE_OR_NO_MATCH,5.84,7.84,0.0,11.24,0.0,242.24,1.54,209.18,481.62,489.46,0.3306,0.0731,3.7451,3.716,0.0023,0.6755,0.9172,0.6,7294f13b434cda3ceb0bed5ef05f79f1f5b7318174de744d77942a7fd3cc8722,207355,1315,36.26
2026-09-27 17:35:41,SPOOF_PHOTO_PRINT,NORMAL,TEST-001,False,UNKNOWN_FACE_OR_NO_MATCH,5.13,7.13,0.0,11.85,0.0,233.81,1.57,208.91,473.41,480.54,0.3178,0.1987,3.734,3.716,0.0022,0.6657,0.9562,0.6,bd18405ab8934bcd3d21d49868bb9c5981c96618aa2c6723c6f7ecdbf7797245,207355,1316,36.47
2026-09-27 17:35:58,SPOOF_PHOTO_PRINT,NORMAL,admin,False,UNKNOWN_FACE_OR_NO_MATCH,4.64,6.64,0.0,11.11,0.0,233.48,1.63,209.14,474.69,481.33,0.3014,0.2245,3.7876,3.716,0.0021,0.7126,0.9492,0.6,1aec719b3b154399d765f657ce53073d6f241d3aa7fd23e82cfb46692909cf57,207319,1317,37.67
