timestamp,test_type,environmental_condition,user_id,granted,rejection_reason,t_ear_edge_ms,t_edge_total_ms,t_network_rtt_ms,t_lbp_ms,t_fft_ms,t_arcface_ms,t_chroma_ms,t_sqlite_ms,t_backend_total_ms,t_total_end2end_ms,ear_open,ear_blink,lbp_entropy,lbp_threshold,lbp_variance,liveness_score,cosine_distance,match_threshold,bc_tx_hash,bc_gas_used,bc_block_number,bc_seal_time_ms
2026-09-27 18:02:57,IMPOSTOR_LIVE,NORMAL,24f0eee7-f336-4b9f-b199-df6d861fd014,False,UNKNOWN_FACE_OR_NO_MATCH,4.78,6.78,0.0,12.06,0.77,273.39,1.29,219.1,530.36,537.14,0.2827,0.0383,3.7664,3.716,0.0021,0.7565,0.8264,0.6,d24fc7a425e1949bc6d488bed6ba56f6640fdd24181f47e76a3a086efe8e529e,252489,1383,34.91
2026-09-27 18:03:22,IMPOSTOR_LIVE,NORMAL,admin,False,UNKNOWN_FACE_OR_NO_MATCH,5.72,7.72,0.0,13.18,0.76,228.23,1.6,209.23,470.9,478.62,0.3182,0.1692,3.7937,3.716,0.0019,0.7736,0.8513,0.6,4b013db436ffd7fce310894b7a413a3390f0280e109efad7730e9032989bb23a,207319,1384,37.82
2026-09-27 18:03:27,IMPOSTOR_LIVE,NORMAL,UNKNOWN,False,SPOOFING_DETECTED,4.42,6.42,0.0,12.46,0.82,0.0,0.0,209.79,234.54,240.96,0.3322,0.1701,3.695,3.716,0.0023,0.5369,0.0,0.6,b5ab928372c82f2e6ef6d03b3e7195a0f8c32554d3af306e87fe4648eef41fec,187419,1385,38.64
2026-09-27 18:03:48,IMPOSTOR_LIVE,NORMAL,24f0eee7-f336-4b9f-b199-df6d861fd014,False,UNKNOWN_FACE_OR_NO_MATCH,4.8,6.8,0.0,12.7,0.7,238.87,1.49,209.53,484.66,491.46,0.2857,0.2002,3.7427,3.716,0.0023,0.7416,0.8743,0.6,915f51183de6568239fcc072318c5d709514b746130fb059e5a44e22b278ef6e,252489,1386,37.99
2026-09-27 18:03:53,IMPOSTOR_LIVE,NORMAL,UNKNOWN,False,SPOOFING_DETECTED,4.42,6.42,0.0,11.83,0.72,0.0,0.0,209.22,235.35,241.77,0.3776,0.0543,3.7043,3.716,0.0023,0.7177,0.0,0.6,218c507a7e9900417ecb022edb51fa37fcfe4c12cc55a757a3104bf656bfcb0f,187419,1387,38.49
2026-09-27 18:04:06,IMPOSTOR_LIVE,NORMAL,TEST-001,False,UNKNOWN_FACE_OR_NO_MATCH,4.5,6.5,0.0,10.86,0.72,217.44,1.92,208.76,452.4,458.9,0.3257,0.1571,3.7748,3.716,0.0021,0.7618,0.9439,0.6,10d415966e28693f485a6d73d9ae7caadca62185938cbf675ea3dc1f5a3c2315,207355,1388,35.7
2026-09-27 18:04:11,IMPOSTOR_LIVE,NORMAL,admin,False,UNKNOWN_FACE_OR_NO_MATCH,4.9,6.9,0.0,12.08,0.72,240.0,1.44,209.97,477.06,483.96,0.2804,0.0299,3.7707,3.716,0.002,0.7592,0.7745,0.6,b819c8fec3640e5fbe7dcaa18e6d8158b534f6e298e5a8507c66f9ca9d115ee2,207319,1389,38.2
2026-09-27 18:04:18,IMPOSTOR_LIVE,NORMAL,admin,False,UNKNOWN_FACE_OR_NO_MATCH,4.7,6.7,0.0,11.32,0.96,226.64,1.49,208.88,463.2,469.9,0.2676,0.0174,3.7627,3.716,0.0022,0.7542,0.7631,0.6,6081ea78904fdce730ba40396a2883022cb9250cb1f7ed2191617070d392db2f,207319,1390,38.39
2026-09-27 18:04:24,IMPOSTOR_LIVE,NORMAL,admin,False,UNKNOWN_FACE_OR_NO_MATCH,4.43,6.43,0.0,12.71,0.7,233.46,1.53,209.13,470.95,477.38,0.3074,0.0409,3.7626,3.716,0.0022,0.7541,0.7263,0.6,a1a7d3bfab4cf40207550471eec77bf217ee38513c9cc43a3390edb92c0c7977,207319,1391,36.2
2026-09-27 18:04:29,IMPOSTOR_LIVE,NORMAL,admin,False,UNKNOWN_FACE_OR_NO_MATCH,5.97,7.97,0.0,11.36,0.73,234.78,2.05,209.2,473.02,480.99,0.2994,0.0353,3.7335,3.716,0.0024,0.736,0.7208,0.6,11a6b4e39218d3754bfe1019ebdaed9a5501029a703c5f548e061ccc084c8f96,207319,1392,35.36
2026-09-27 18:04:34,IMPOSTOR_LIVE,NORMAL,admin,False,UNKNOWN_FACE_OR_NO_MATCH,4.51,6.51,0.0,13.17,0.71,237.69,1.46,209.69,478.35,484.86,0.3011,0.0372,3.7472,3.716,0.0023,0.7445,0.7301,0.6,56ce039fb59eedce47b8bff89fea79a003608a06e3a3bd04672810d2eee079b1,207319,1393,37.09
2026-09-27 18:04:39,IMPOSTOR_LIVE,NORMAL,admin,False,UNKNOWN_FACE_OR_NO_MATCH,4.79,6.79,0.0,11.74,0.83,225.86,1.66,209.23,463.88,470.67,0.2964,0.0948,3.7339,3.716,0.0023,0.7362,0.7842,0.6,c12e7d4b9a010d2d2d7c809f3324350cd141791ac59dce1b33dad5cb76be2223,207319,1394,36.82
2026-09-27 18:04:43,IMPOSTOR_LIVE,NORMAL,admin,False,UNKNOWN_FACE_OR_NO_MATCH,4.45,6.45,0.0,12.31,1.14,267.12,1.55,209.35,508.66,515.11,0.3035,0.1868,3.7731,3.716,0.0021,0.7607,0.8384,0.6,e2e2cb4070fd3ba5ef44ff5cca42df1a0a1a8656fff6d92306f0d6a853c19153,207319,1395,35.52
2026-09-27 18:04:48,IMPOSTOR_LIVE,NORMAL,admin,False,UNKNOWN_FACE_OR_NO_MATCH,4.75,6.75,0.0,12.22,1.54,258.2,1.62,214.2,503.67,510.42,0.3226,0.0264,3.7653,3.716,0.0023,0.7558,0.7522,0.6,fc1781b8fda6514b1066459566609f450371e4901f2d07695d845986c76b7387,207319,1396,29.68
2026-09-27 18:04:53,IMPOSTOR_LIVE,NORMAL,24f0eee7-f336-4b9f-b199-df6d861fd014,False,UNKNOWN_FACE_OR_NO_MATCH,4.37,6.37,0.0,14.35,0.7,214.68,2.05,210.97,457.84,464.21,0.2828,0.2015,3.7981,3.716,0.0019,0.7763,0.8655,0.6,885b4c1ed8e13e08a161442eb74a3d75bf9ab9cc3f332ebf0e9d321d597810dc,252489,1397,37.36
2026-09-27 18:04:57,IMPOSTOR_LIVE,NORMAL,admin,False,UNKNOWN_FACE_OR_NO_MATCH,4.45,6.45,0.0,14.22,0.74,228.4,1.54,210.9,472.19,478.64,0.3156,0.1611,3.7644,3.716,0.0021,0.7552,0.6596,0.6,22f51bf535b6ab4df33d0579ded510d140f07c5d8c07a0c68ea06795f0d1ff7c,207319,1398,30.38
2026-09-27 18:05:01,IMPOSTOR_LIVE,NORMAL,admin,False,UNKNOWN_FACE_OR_NO_MATCH,4.45,6.45,0.0,11.77,1.65,238.98,1.54,212.94,480.94,487.39,0.2774,0.0281,3.7444,3.716,0.0023,0.7427,0.7038,0.6,04051ff216456a3f0cf1b00188086431461f347a294b5d2ea5f4a724805e8fda,207319,1399,35.25
2026-09-27 18:05:06,IMPOSTOR_LIVE,NORMAL,admin,False,UNKNOWN_FACE_OR_NO_MATCH,5.3,7.3,0.0,11.94,0.71,230.45,1.56,209.9,469.03,476.33,0.2722,0.215,3.747,3.716,0.0022,0.7444,0.7561,0.6,2cc380b3f3ecedcb124ad70a740218c51458d73c9b186e7c59cc2199ce8161b2,207319,1400,35.6
2026-09-27 18:05:10,IMPOSTOR_LIVE,NORMAL,admin,False,UNKNOWN_FACE_OR_NO_MATCH,5.1,7.1,0.0,12.2,0.7,235.71,1.54,209.58,475.01,482.11,0.2757,0.1106,3.7363,3.716,0.0023,0.7376,0.7124,0.6,33895548631b2875a25ae2a8d0fee9cdee3fd03eb105974e2e1ad5e2b59f72e2,207319,1401,36.01
2026-09-27 18:05:14,IMPOSTOR_LIVE,NORMAL,admin,False,UNKNOWN_FACE_OR_NO_MATCH,4.25,6.25,0.0,11.54,0.71,226.98,1.48,210.29,464.89,471.14,0.3034,0.0224,3.7291,3.716,0.0025,0.7332,0.6706,0.6,f6321f3ee4ebe247d91e0e304c72ac0852e935d2cfb590985017e43d9f2bc1c0,207319,1402,33.99
2026-09-27 18:05:19,IMPOSTOR_LIVE,NORMAL,admin,False,UNKNOWN_FACE_OR_NO_MATCH,4.59,6.59,0.0,13.33,0.78,230.1,1.62,209.8,468.93,475.52,0.2934,0.16,3.7577,3.716,0.0022,0.7511,0.7392,0.6,4f8478b3155705d8f6a27a78ece64c0f73c6783c037b01f84cb5d83d54e1f35f,207319,1403,36.69
2026-09-27 18:05:24,IMPOSTOR_LIVE,NORMAL,admin,False,UNKNOWN_FACE_OR_NO_MATCH,5.35,7.35,0.0,11.24,0.69,239.37,1.87,210.72,480.29,487.64,0.2671,0.0421,3.7572,3.716,0.0022,0.7508,0.7459,0.6,c58d399ba6d13528a29e561f5aac66b0c1b37e0f82c0062c2a54c79c20740a79,207319,1404,35.03
2026-09-27 18:05:31,IMPOSTOR_LIVE,NORMAL,admin,False,UNKNOWN_FACE_OR_NO_MATCH,4.65,6.65,0.0,11.93,1.05,240.32,1.72,208.98,477.32,483.97,0.3099,0.0335,3.7661,3.716,0.0022,0.7563,0.7886,0.6,532e6dc81626b0fe88a20f882d298824878153f3dbd49dc095e827a880dab7d0,207319,1405,41.13
2026-09-27 18:05:36,IMPOSTOR_LIVE,NORMAL,admin,False,UNKNOWN_FACE_OR_NO_MATCH,4.65,6.65,0.0,10.95,0.75,227.68,1.93,209.37,463.1,469.75,0.2883,0.0272,3.7549,3.716,0.0023,0.7493,0.7637,0.6,a1479bea00c5d11d2acabbcdd16457382752bf51c10239db9044269cde1aea68,207319,1406,33.31
2026-09-27 18:05:40,IMPOSTOR_LIVE,NORMAL,admin,False,UNKNOWN_FACE_OR_NO_MATCH,4.36,6.36,0.0,12.42,0.72,231.01,2.06,209.45,468.89,475.25,0.266,0.0319,3.7579,3.716,0.0022,0.7512,0.7591,0.6,dd5347efe765a6c846fbb31c1225c2300464be699dc089a8ee401233c48a3d95,207319,1407,34.48
2026-09-27 18:05:45,IMPOSTOR_LIVE,NORMAL,24f0eee7-f336-4b9f-b199-df6d861fd014,False,UNKNOWN_FACE_OR_NO_MATCH,4.44,6.44,0.0,11.23,0.71,247.0,1.41,214.68,490.15,496.59,0.2708,0.0566,3.7536,3.716,0.0022,0.7485,0.8152,0.6,40fc5e8357a6d3b5b6f34895bceba8b5e18833651c6ee4edbc2677df0085c388,252489,1408,33.15
2026-09-27 18:05:49,IMPOSTOR_LIVE,NORMAL,24f0eee7-f336-4b9f-b199-df6d861fd014,False,UNKNOWN_FACE_OR_NO_MATCH,4.59,6.59,0.0,12.73,0.76,251.55,1.16,210.68,492.13,498.72,0.273,0.0576,3.7507,3.716,0.0023,0.7467,0.8225,0.6,f14bd92e932c38105486b0bf9710f93e0190cd44ad15500a7f652e6362f23c51,252489,1409,33.35
2026-09-27 18:05:54,IMPOSTOR_LIVE,NORMAL,24f0eee7-f336-4b9f-b199-df6d861fd014,False,UNKNOWN_FACE_OR_NO_MATCH,4.76,6.76,0.0,11.52,0.68,224.79,1.55,210.13,464.23,470.99,0.2595,0.0612,3.7552,3.716,0.0023,0.7495,0.8503,0.6,6858fb0daba336318b0e48d885c25fee5810f46f0978013bd735df63339b2d3e,252489,1410,40.94
2026-09-27 18:05:58,IMPOSTOR_LIVE,NORMAL,admin,False,UNKNOWN_FACE_OR_NO_MATCH,4.29,6.29,0.0,11.33,0.71,238.36,1.57,209.2,474.0,480.29,0.3064,0.0258,3.7545,3.716,0.0022,0.749,0.7515,0.6,d76b8e5c38ac6e6edbbab0eee40e849ab1e451c04176913cfa55fa5d90548add,207319,1411,33.71
2026-09-27 18:06:02,IMPOSTOR_LIVE,NORMAL,admin,False,UNKNOWN_FACE_OR_NO_MATCH,4.42,6.42,0.0,11.23,0.77,228.35,1.79,209.19,466.71,473.13,0.3083,0.0684,3.7286,3.716,0.0025,0.7329,0.7969,0.6,33b0c3c565b617f6c759732fd226ea34d4ffda48048946438f1383a384312a83,207319,1412,37.59
2026-09-27 18:06:07,IMPOSTOR_LIVE,NORMAL,admin,False,UNKNOWN_FACE_OR_NO_MATCH,5.02,7.02,0.0,13.5,0.78,234.32,1.44,210.03,473.5,480.52,0.3172,0.0281,3.7421,3.716,0.0023,0.7413,0.7392,0.6,f8538a8a2beacbe8105ba721154853900be16f8c3d8d63f90904c7c4fec9b359,207319,1413,36.38
2026-09-27 18:06:13,IMPOSTOR_LIVE,NORMAL,admin,False,UNKNOWN_FACE_OR_NO_MATCH,4.51,6.51,0.0,13.74,0.73,238.22,1.66,209.28,476.63,483.14,0.281,0.0544,3.7648,3.716,0.0023,0.7555,0.7759,0.6,8e7a075c71bfe4831aad93e64ba4a3947c0610eadaf86ee2156972e46b094341,207319,1414,34.74
2026-09-27 18:06:17,IMPOSTOR_LIVE,NORMAL,admin,False,UNKNOWN_FACE_OR_NO_MATCH,4.44,6.44,0.0,13.48,0.73,234.81,1.59,208.93,473.02,479.46,0.2908,0.0408,3.7405,3.716,0.0023,0.7403,0.7953,0.6,a8522497fa2d9b1153e827b8bc38d36bc1908f7c459ad14f01f50916e1db3b88,207319,1415,43.53
2026-09-27 18:06:23,IMPOSTOR_LIVE,NORMAL,admin,False,UNKNOWN_FACE_OR_NO_MATCH,4.41,6.41,0.0,10.62,0.66,209.15,1.94,209.5,444.23,450.64,0.2865,0.0594,3.7896,3.716,0.002,0.771,0.7301,0.6,79321f04938c3d3926a2eb1808424c91dbe7a86c1bbe402dc21c304525cd519d,207319,1416,36.79
2026-09-27 18:06:27,IMPOSTOR_LIVE,NORMAL,admin,False,UNKNOWN_FACE_OR_NO_MATCH,4.55,6.55,0.0,11.16,0.67,221.81,1.99,210.58,461.18,467.73,0.3252,0.1271,3.7343,3.716,0.0023,0.7364,0.8125,0.6,ad6ed96b509e143d7bbe6ec1a3c40d174fa8cdb5dc3d02764dbb943669339f61,207319,1417,38.2
2026-09-27 18:06:32,IMPOSTOR_LIVE,NORMAL,admin,False,UNKNOWN_FACE_OR_NO_MATCH,4.44,6.44,0.0,11.9,0.69,241.23,1.6,209.24,478.25,484.69,0.2858,0.1149,3.7501,3.716,0.0023,0.7463,0.8398,0.6,52cbd2e704839f84ef7b0ee06be9e8ddfe44ec4d86ac8f111047269ff505ab70,207319,1418,33.47
2026-09-27 18:06:45,IMPOSTOR_LIVE,NORMAL,admin,False,UNKNOWN_FACE_OR_NO_MATCH,4.61,6.61,0.0,12.95,0.83,251.6,1.38,210.91,492.49,499.1,0.3013,0.093,3.7525,3.716,0.0022,0.7478,0.8233,0.6,84d8a7a2a47e440e92c4492a3d5898b81b2ecdc714f63d703ee79591cb176fce,207319,1419,39.87
2026-09-27 18:06:54,IMPOSTOR_LIVE,NORMAL,admin,False,UNKNOWN_FACE_OR_NO_MATCH,4.88,6.88,0.0,13.31,1.34,278.26,1.53,209.56,521.85,528.73,0.3119,0.0791,3.7673,3.716,0.002,0.757,0.8201,0.6,17d975748699ddeca2876c30e91e2ce36de381079b417ddffc20766a52b6c113,207319,1420,33.79
2026-09-27 18:06:58,IMPOSTOR_LIVE,NORMAL,24f0eee7-f336-4b9f-b199-df6d861fd014,False,UNKNOWN_FACE_OR_NO_MATCH,4.39,6.39,0.0,11.42,1.3,241.31,1.83,211.06,482.95,489.34,0.3065,0.2137,3.7611,3.716,0.0021,0.7532,0.8524,0.6,c8a0b69c3b4c037d89dcae39a0587c863a40eb22dcffff979fd197b883d34ae7,252489,1421,39.18
2026-09-27 18:07:05,IMPOSTOR_LIVE,NORMAL,admin,False,UNKNOWN_FACE_OR_NO_MATCH,4.9,6.9,0.0,10.92,0.76,240.0,1.48,209.4,475.75,482.65,0.2929,0.0615,3.7476,3.716,0.0022,0.7447,0.8121,0.6,f9ad4ab3240b78bf5d47bbe334e60e6ac81013e57ee213b2250e93635697fdf6,207319,1422,34.37
2026-09-27 18:07:10,IMPOSTOR_LIVE,NORMAL,24f0eee7-f336-4b9f-b199-df6d861fd014,False,UNKNOWN_FACE_OR_NO_MATCH,4.63,6.63,0.0,11.74,0.98,250.4,1.18,209.06,486.95,493.58,0.2896,0.0604,3.7581,3.716,0.0021,0.7514,0.8037,0.6,45da316330d282f66d230870954583a26a73dc7cd1e7d478520766141f27bb50,252489,1423,32.62
2026-09-27 18:07:18,IMPOSTOR_LIVE,NORMAL,admin,False,UNKNOWN_FACE_OR_NO_MATCH,4.96,6.96,0.0,11.16,0.73,242.97,1.53,211.53,484.76,491.72,0.324,0.0635,3.7823,3.716,0.002,0.7664,0.8041,0.6,bc8317dedd1c0b4d118e5143d072d5658bfd2490f0d49a66f211384a1fc3311a,207319,1424,32.78
2026-09-27 18:07:23,IMPOSTOR_LIVE,NORMAL,admin,False,UNKNOWN_FACE_OR_NO_MATCH,8.82,10.82,0.0,12.68,1.24,253.7,1.34,213.98,497.34,508.16,0.3067,0.1549,3.7661,3.716,0.0022,0.7563,0.7331,0.6,3376d5454058e7b248f4a8ba4a776701af888f9fb76fb61536a25c9a224044d0,207319,1425,33.07
2026-09-27 18:07:27,IMPOSTOR_LIVE,NORMAL,admin,False,UNKNOWN_FACE_OR_NO_MATCH,5.28,7.28,0.0,11.72,0.73,257.1,1.28,211.52,497.24,504.52,0.3014,0.0575,3.7519,3.716,0.0023,0.7475,0.7278,0.6,1d202ebd8d439d897dc525d9903663f30a95b8bee751bf0f0a61689dda6ca55c,207319,1426,30.95
2026-09-27 18:07:32,IMPOSTOR_LIVE,NORMAL,admin,False,UNKNOWN_FACE_OR_NO_MATCH,4.9,6.9,0.0,12.32,1.02,251.01,1.19,214.68,493.88,500.78,0.2813,0.0583,3.7601,3.716,0.0022,0.7526,0.6945,0.6,b9f3b7d97eb120b7d3f9afc8fe616924c17a1978fc260bf88a29ff4dfebd08f0,207319,1427,32.07
2026-09-27 18:07:37,IMPOSTOR_LIVE,NORMAL,admin,False,UNKNOWN_FACE_OR_NO_MATCH,4.58,6.58,0.0,13.34,0.91,255.17,1.97,216.02,503.75,510.33,0.2975,0.1219,3.7897,3.716,0.0021,0.771,0.7182,0.6,5b93cd6cccf1e406efcc1afcdbef06893aec16269f8602e63889f18ac8885794,207319,1428,52.37
2026-09-27 18:07:41,IMPOSTOR_LIVE,NORMAL,admin,False,UNKNOWN_FACE_OR_NO_MATCH,5.12,7.12,0.0,13.48,1.32,259.58,2.39,211.1,502.74,509.86,0.3136,0.0916,3.7506,3.716,0.0022,0.7466,0.7087,0.6,2d96a27b6e4c66fa89124c7765786f2600d406e9ddd8c4dd20f9887d2782ae8f,207319,1429,35.71
2026-09-27 18:07:46,IMPOSTOR_LIVE,NORMAL,admin,False,UNKNOWN_FACE_OR_NO_MATCH,4.68,6.68,0.0,13.45,1.28,289.46,2.17,210.77,533.6,540.28,0.3049,0.2064,3.7543,3.716,0.0023,0.749,0.8402,0.6,3e8ee5b270b172c72ae448f674d1e44862f836cfa1021823691aafe0ab0278cb,207319,1430,33.85
2026-09-27 18:07:50,IMPOSTOR_LIVE,NORMAL,admin,False,UNKNOWN_FACE_OR_NO_MATCH,5.02,7.02,0.0,12.04,1.12,246.78,1.3,213.37,489.4,496.42,0.2965,0.0698,3.7583,3.716,0.0021,0.7514,0.7032,0.6,beaebd7edd68bbba38a3c4a2e986a3fe1406a70618192f00a2bdcdbf489f44a8,207319,1431,30.26
2026-09-27 18:07:55,IMPOSTOR_LIVE,NORMAL,admin,False,UNKNOWN_FACE_OR_NO_MATCH,4.7,6.7,0.0,12.74,1.3,250.21,1.21,210.85,492.82,499.52,0.2823,0.0828,3.7401,3.716,0.0023,0.74,0.669,0.6,3f51fc4016f11678485a9dcdae97a351c158076dc67e66488d2c161a7f72d557,207319,1432,31.52
2026-09-27 18:08:02,IMPOSTOR_LIVE,NORMAL,24f0eee7-f336-4b9f-b199-df6d861fd014,False,UNKNOWN_FACE_OR_NO_MATCH,4.62,6.62,0.0,15.91,0.77,254.47,1.5,213.23,503.94,510.56,0.3299,0.1305,3.7704,3.716,0.0023,0.759,0.8499,0.6,e4db60a33a0fbe6f10ed7d0e804c34a3bf9b72971bc60107c13057c1732defc6,252489,1433,36.89
2026-09-27 18:08:06,IMPOSTOR_LIVE,NORMAL,TEST-001,False,UNKNOWN_FACE_OR_NO_MATCH,6.14,8.14,0.0,11.91,1.24,248.84,1.19,210.46,490.85,498.99,0.303,0.1978,3.7518,3.716,0.0024,0.7474,0.9536,0.6,0474572519513405a51d24a24106b7ac9ffbb7cb15630fc3caec5c6466982521,207355,1434,32.69
2026-09-27 18:08:11,IMPOSTOR_LIVE,NORMAL,admin,False,UNKNOWN_FACE_OR_NO_MATCH,4.54,6.54,0.0,12.98,1.23,251.03,1.29,211.46,493.18,499.72,0.2876,0.134,3.747,3.716,0.0023,0.7444,0.7593,0.6,87c5e8f5682786739f9a0fc66a5d3116717fbaff400bb5b951aad90e021845fd,207319,1435,34.47
2026-09-27 18:08:15,IMPOSTOR_LIVE,NORMAL,admin,False,UNKNOWN_FACE_OR_NO_MATCH,4.57,6.57,0.0,14.84,1.17,266.13,1.18,215.72,513.31,519.88,0.2724,0.0897,3.7418,3.716,0.0023,0.7412,0.6851,0.6,58860dac97a2c93b4857ee18d373e0149dfff22d038ccb85d320a8b12f44c3e7,207319,1436,28.56
2026-09-27 18:08:20,IMPOSTOR_LIVE,NORMAL,admin,False,UNKNOWN_FACE_OR_NO_MATCH,5.1,7.1,0.0,12.69,1.18,248.23,1.6,212.59,491.43,498.53,0.3145,0.0428,3.7817,3.716,0.0021,0.7661,0.75,0.6,1343015d9b2376bce59cee013db52c0e82770a0d0104ffa9da5ef4dea95aee58,207319,1437,34.04
2026-09-27 18:08:24,IMPOSTOR_LIVE,NORMAL,admin,False,UNKNOWN_FACE_OR_NO_MATCH,4.94,6.94,0.0,12.27,0.74,245.51,2.28,209.61,485.42,492.36,0.313,0.0428,3.7717,3.716,0.0022,0.7598,0.7069,0.6,c305a3ffc178cde7b8a623488817214a812ed85769524a8ebd8cf4be9923cfb2,207319,1438,39.44
2026-09-27 18:08:29,IMPOSTOR_LIVE,NORMAL,admin,False,UNKNOWN_FACE_OR_NO_MATCH,4.82,6.82,0.0,12.64,1.12,248.91,1.27,213.21,493.88,500.7,0.2671,0.0365,3.7803,3.716,0.0022,0.7652,0.7138,0.6,52e5918ff0e1fc74029a22be23c71c48d61ecc33d3982d06b121710d351ad9d7,207319,1439,31.85
2026-09-27 18:08:34,IMPOSTOR_LIVE,NORMAL,admin,False,UNKNOWN_FACE_OR_NO_MATCH,4.66,6.66,0.0,11.65,0.7,253.89,1.66,210.19,492.46,499.12,0.2584,0.0323,3.7446,3.716,0.0023,0.7428,0.7921,0.6,f4855d782a738ec52ed133ca4ad776bba8ccf7ffca3e725b72d85be6244c3a75,207319,1440,30.9
2026-09-27 18:08:39,IMPOSTOR_LIVE,NORMAL,admin,False,UNKNOWN_FACE_OR_NO_MATCH,6.5,8.5,0.0,12.81,1.28,254.12,1.69,213.16,500.01,508.51,0.3048,0.1095,3.7639,3.716,0.0022,0.755,0.6454,0.6,b46adb568569428ad419cdbb675f2c4802ed91fb3ad0fffb205c21da73d155b3,207319,1441,42.54
2026-09-27 18:08:44,IMPOSTOR_LIVE,NORMAL,admin,False,UNKNOWN_FACE_OR_NO_MATCH,4.77,6.77,0.0,11.47,0.71,313.09,2.17,210.92,558.19,564.96,0.3561,0.2011,3.7836,3.716,0.0022,0.7672,0.8628,0.6,0783866644a63ac4a5c1905419513d59a997d60862d79e348d9e65193a473b14,207319,1442,31.12
2026-09-27 18:08:56,IMPOSTOR_LIVE,NORMAL,UNKNOWN,False,SPOOFING_DETECTED,5.06,7.06,0.0,11.82,0.74,0.0,0.0,209.55,235.71,242.77,0.3591,0.1824,3.6927,3.716,0.0024,0.7104,0.0,0.6,9e12ba382c14dd84a294b6be4afb91b3f5976557742611f907d13097203f6a49,187419,1443,36.41
2026-09-27 18:09:00,IMPOSTOR_LIVE,NORMAL,admin,False,UNKNOWN_FACE_OR_NO_MATCH,5.13,7.13,0.0,13.47,0.78,259.94,1.52,211.33,503.26,510.39,0.2935,0.082,3.748,3.716,0.0024,0.745,0.8655,0.6,d78eddb9e36d9e0adc93b806eaa4f8e4ad61d79a14745c94052d492eaa9de15f,207319,1444,41.17
2026-09-27 18:09:04,IMPOSTOR_LIVE,NORMAL,admin,False,UNKNOWN_FACE_OR_NO_MATCH,4.83,6.83,0.0,11.68,0.76,237.62,1.82,213.28,480.62,487.45,0.2973,0.0411,3.7541,3.716,0.0024,0.7488,0.742,0.6,ffe2b5ba4fce935b694d5b2e26022e9bec50a182580c2605fe608b796ccf33fd,207319,1445,30.61
2026-09-27 18:09:09,IMPOSTOR_LIVE,NORMAL,admin,False,UNKNOWN_FACE_OR_NO_MATCH,4.59,6.59,0.0,12.25,0.92,252.15,1.2,213.18,495.77,502.36,0.2674,0.0149,3.7557,3.716,0.0024,0.7498,0.631,0.6,4d4e746283403de5c017f56306317feb528a792cd54befcaeb7721c67693d639,207319,1446,33.95
2026-09-27 18:09:14,IMPOSTOR_LIVE,NORMAL,admin,False,UNKNOWN_FACE_OR_NO_MATCH,4.49,6.49,0.0,12.71,0.83,290.87,1.52,210.86,533.92,540.41,0.3184,0.0562,3.7795,3.716,0.0022,0.7647,0.768,0.6,1f61511b4a57242b229824061276fcac0928b1e78de14d660b5ebd7429793af2,207307,1447,54.06
2026-09-27 18:09:17,IMPOSTOR_LIVE,NORMAL,24f0eee7-f336-4b9f-b199-df6d861fd014,False,UNKNOWN_FACE_OR_NO_MATCH,4.91,6.91,0.0,12.89,1.48,265.91,1.22,210.29,507.71,514.62,0.2721,0.2043,3.7484,3.716,0.0023,0.7452,0.8157,0.6,9e670fc6924b88b46ee4f7d46f1827e2890ef0c9386bf726ae13d94c53be04d3,252489,1448,43.86
2026-09-27 18:09:22,IMPOSTOR_LIVE,NORMAL,admin,False,UNKNOWN_FACE_OR_NO_MATCH,4.99,6.99,0.0,11.63,1.85,270.9,1.34,212.05,513.64,520.63,0.2777,0.171,3.7705,3.716,0.0023,0.7591,0.7707,0.6,008c78be8d95109c101c0117a8e8b8aba2bfae15dc420d7c4b4bf62f41298505,207319,1449,32.07
2026-09-27 18:09:26,IMPOSTOR_LIVE,NORMAL,admin,False,UNKNOWN_FACE_OR_NO_MATCH,6.4,8.4,0.0,13.45,0.76,251.18,1.19,209.67,493.04,501.44,0.2969,0.0418,3.7687,3.716,0.0022,0.758,0.8451,0.6,85c8556026645c49d79a86df28bcf7c34154d152f50e0b3b06746adaee0b0e10,207319,1450,33.97
2026-09-27 18:09:31,IMPOSTOR_LIVE,NORMAL,admin,False,UNKNOWN_FACE_OR_NO_MATCH,4.96,6.96,0.0,12.42,0.92,249.59,1.25,212.2,490.52,497.48,0.3241,0.0432,3.7873,3.716,0.0022,0.7696,0.7429,0.6,d9cb0a25b25308a3113f68874db85aa6f76e35293afafc713aaffad96f5c747f,207319,1451,32.52
2026-09-27 18:09:36,IMPOSTOR_LIVE,NORMAL,admin,False,UNKNOWN_FACE_OR_NO_MATCH,5.43,7.43,0.0,14.36,0.79,254.57,1.23,211.17,498.6,506.03,0.2933,0.034,3.7713,3.716,0.0022,0.7596,0.738,0.6,ec737936820b5066ca370ce44e94c327bd9c81ddbd4793adaf4f0f294273155c,207319,1452,66.62
2026-09-27 18:09:40,IMPOSTOR_LIVE,NORMAL,admin,False,UNKNOWN_FACE_OR_NO_MATCH,4.46,6.46,0.0,12.14,0.73,243.95,1.86,213.03,485.93,492.39,0.2993,0.0282,3.7929,3.716,0.0021,0.773,0.8126,0.6,f50f231d279358534c08d83b98343ba833a4ed3e25bc675cfeb88885ed7b6e95,207319,1453,46.0
2026-09-27 18:09:44,IMPOSTOR_LIVE,NORMAL,admin,False,UNKNOWN_FACE_OR_NO_MATCH,4.67,6.67,0.0,15.2,0.99,262.68,1.42,213.38,513.85,520.52,0.3106,0.0758,3.762,3.716,0.0022,0.7538,0.8106,0.6,e190d607488f43dea9c2065f6567c18749cd1cf9329a222755b69f538c8e0e94,207319,1454,34.71
2026-09-27 18:09:49,IMPOSTOR_LIVE,NORMAL,admin,False,UNKNOWN_FACE_OR_NO_MATCH,5.45,7.45,0.0,12.94,0.78,247.91,1.69,209.93,487.2,494.65,0.3186,0.1377,3.7845,3.716,0.0022,0.7678,0.8496,0.6,04c31904cfdb585d4f5c305556321a58a5d1a031ba7b5bb6d1179be1ab61b4ff,207319,1455,32.31
2026-09-27 18:09:54,IMPOSTOR_LIVE,NORMAL,admin,False,UNKNOWN_FACE_OR_NO_MATCH,4.36,6.36,0.0,12.94,0.78,258.77,1.65,209.65,499.97,506.33,0.3048,0.1,3.7827,3.716,0.0021,0.7667,0.8134,0.6,04be6934f267efee92667a7e8e9e4f78c34f731ac8daa199c146443d28291c32,207319,1456,35.06
2026-09-27 18:09:59,IMPOSTOR_LIVE,NORMAL,admin,False,UNKNOWN_FACE_OR_NO_MATCH,4.51,6.51,0.0,11.62,0.71,219.88,2.0,209.25,456.15,462.66,0.2826,0.0418,3.7693,3.716,0.0021,0.7583,0.8296,0.6,1914a3707c0edee8314eabd33419f1673f1bb4b161a1aed366186558b0fea65b,207319,1457,34.7
2026-09-27 18:10:04,IMPOSTOR_LIVE,NORMAL,24f0eee7-f336-4b9f-b199-df6d861fd014,False,UNKNOWN_FACE_OR_NO_MATCH,4.42,6.42,0.0,12.44,1.1,227.02,1.7,210.92,466.59,473.01,0.2737,0.1264,3.7708,3.716,0.0021,0.7593,0.7826,0.6,2ad92e3e16fa914b948b9107be18bfafb7e6c59bd5ec92a5369a6ce372df98d6,252489,1458,38.25
2026-09-27 18:10:08,IMPOSTOR_LIVE,NORMAL,admin,False,UNKNOWN_FACE_OR_NO_MATCH,4.57,6.57,0.0,11.68,1.4,228.22,1.32,211.84,471.06,477.63,0.2908,0.2294,3.7428,3.716,0.0022,0.7418,0.8826,0.6,63a05fde5cdcc290e9a915209017845cb3365d899cf79983661be4fa9d765e3a,207319,1459,37.01
2026-09-27 18:10:12,IMPOSTOR_LIVE,NORMAL,24f0eee7-f336-4b9f-b199-df6d861fd014,False,UNKNOWN_FACE_OR_NO_MATCH,4.76,6.76,0.0,11.09,1.37,248.32,2.14,214.27,492.39,499.15,0.311,0.073,3.7749,3.716,0.0021,0.7618,0.8492,0.6,0b9de12f7c791de1f23d06642b195de7f55f425e0943e7a2f9365dad287f17a4,252489,1460,173.61
2026-09-27 18:10:17,IMPOSTOR_LIVE,NORMAL,admin,False,UNKNOWN_FACE_OR_NO_MATCH,4.55,6.55,0.0,10.85,0.73,232.78,1.6,212.12,473.44,479.99,0.2866,0.1038,3.7916,3.716,0.002,0.7722,0.8716,0.6,8c37713774e1788bde1e7c417229c5737692b995ed1cb18c8e26ba0757aa7c2e,207319,1461,43.5
2026-09-27 18:10:22,IMPOSTOR_LIVE,NORMAL,24f0eee7-f336-4b9f-b199-df6d861fd014,False,UNKNOWN_FACE_OR_NO_MATCH,4.47,6.47,0.0,11.41,0.7,253.37,1.38,210.58,497.47,503.94,0.3053,0.1142,3.8048,3.716,0.002,0.7805,0.8731,0.6,d41590bd15e275a055fcc27aefd82f78b6ce3ed18a78a746ac4779abdb115183,252489,1462,39.94
2026-09-27 18:10:27,IMPOSTOR_LIVE,NORMAL,admin,False,UNKNOWN_FACE_OR_NO_MATCH,4.79,6.79,0.0,11.6,0.75,235.29,1.75,210.03,472.08,478.87,0.3051,0.0607,3.7485,3.716,0.0022,0.7453,0.7111,0.6,22c39b1ae64fb196a23bf1f43dd6ba38e6e840fcece6affc85c471a4c21d7aad,207319,1463,57.88
2026-09-27 18:10:31,IMPOSTOR_LIVE,NORMAL,admin,False,UNKNOWN_FACE_OR_NO_MATCH,6.39,8.39,0.0,12.52,1.57,258.61,1.48,210.37,500.86,509.25,0.3067,0.0744,3.7742,3.716,0.0021,0.7614,0.9572,0.6,86c8bead0b5a47bdd287519077a9f9aa2f35dca5daa012426a67a58f8807ffc9,207319,1464,46.55
2026-09-27 18:10:37,IMPOSTOR_LIVE,NORMAL,admin,False,UNKNOWN_FACE_OR_NO_MATCH,4.46,6.46,0.0,11.34,0.73,231.22,1.61,209.2,469.19,475.65,0.3182,0.0196,3.8105,3.716,0.0019,0.784,0.7187,0.6,1d240e3860ef41f4a642cd7b79cf58f27fdcb8ff3bc927adfce94e1a601bec29,207319,1465,33.78
2026-09-27 18:10:42,IMPOSTOR_LIVE,NORMAL,admin,False,UNKNOWN_FACE_OR_NO_MATCH,4.82,6.82,0.0,11.15,0.74,244.22,1.52,209.45,480.35,487.17,0.2968,0.0641,3.7761,3.716,0.0022,0.7626,0.9414,0.6,ae5a56d8e7ccb51aac870477803d7a135eabd7aa1e09ed71c6e67af9faba2906,207319,1466,33.76
2026-09-27 18:10:47,IMPOSTOR_LIVE,NORMAL,admin,False,UNKNOWN_FACE_OR_NO_MATCH,5.14,7.14,0.0,12.77,0.71,236.84,1.49,209.77,476.08,483.22,0.3073,0.0274,3.7701,3.716,0.0022,0.7588,0.6855,0.6,4aa54eb411c5a8af44c9707d3a3e6912fede0b4cd590a1bf627db092fdfdc786,207319,1467,36.85
2026-09-27 18:10:51,IMPOSTOR_LIVE,NORMAL,admin,False,UNKNOWN_FACE_OR_NO_MATCH,4.56,6.56,0.0,12.05,0.73,233.3,1.73,209.62,470.27,476.83,0.2843,0.0521,3.7635,3.716,0.0023,0.7547,0.783,0.6,da610a2ad2ca2d96498baa5412e5e48ced669230cd963b38fd681b758540854f,207319,1468,34.56
2026-09-27 18:11:01,IMPOSTOR_LIVE,NORMAL,admin,False,UNKNOWN_FACE_OR_NO_MATCH,4.41,6.41,0.0,11.91,0.84,228.36,2.0,210.19,468.03,474.44,0.3287,0.1442,3.7879,3.716,0.0021,0.7699,0.7517,0.6,c4c9e02c6e354547a3d07aeb96517b7ea67a02c8eda3516ffac34287478d862f,207319,1469,35.38
2026-09-27 18:11:05,IMPOSTOR_LIVE,NORMAL,admin,False,UNKNOWN_FACE_OR_NO_MATCH,4.58,6.58,0.0,11.29,0.73,226.24,1.94,209.93,463.96,470.54,0.3298,0.0621,3.7446,3.716,0.0024,0.7429,0.6866,0.6,d63ff76c286e4df892d14eba85fb9a6db127c859d639a42a9855d498e7cbb63f,207319,1470,32.66
2026-09-27 18:11:10,IMPOSTOR_LIVE,NORMAL,admin,False,UNKNOWN_FACE_OR_NO_MATCH,4.97,6.97,0.0,12.33,0.75,238.03,1.55,209.81,477.1,484.07,0.3008,0.0473,3.7686,3.716,0.0021,0.7579,0.7309,0.6,59a8e51be2ac925f96779b0c26b3760791cbe326348c35f7dd1eeba7d7d892f6,207319,1471,32.76
2026-09-27 18:11:14,IMPOSTOR_LIVE,NORMAL,admin,False,UNKNOWN_FACE_OR_NO_MATCH,4.44,6.44,0.0,11.92,0.78,232.72,1.41,210.53,473.67,480.11,0.2967,0.0398,3.7556,3.716,0.0023,0.7498,0.6904,0.6,c6b84b57c028936eafa27bbd4352995160053f4dc2bd93e1c1b8fba620a49814,207319,1472,35.21
2026-09-27 18:11:20,IMPOSTOR_LIVE,NORMAL,admin,False,UNKNOWN_FACE_OR_NO_MATCH,4.78,6.78,0.0,11.93,0.88,227.5,1.63,209.33,464.94,471.72,0.2777,0.0332,3.7529,3.716,0.0023,0.7481,0.7558,0.6,22b79fdc1869f199b93e5cd6d38588043efc658433b41fdc25c0cbbda0be8060,207319,1473,36.7
2026-09-27 18:11:26,IMPOSTOR_LIVE,NORMAL,admin,False,UNKNOWN_FACE_OR_NO_MATCH,4.96,6.96,0.0,11.52,0.79,232.12,1.53,209.25,468.3,475.26,0.3098,0.0295,3.7735,3.716,0.0022,0.761,0.7896,0.6,0b491e7f7c594e960f84362f8a99189b473fdf6f7d441efdd66edf39369eb476,207319,1474,38.0
2026-09-27 18:11:31,IMPOSTOR_LIVE,NORMAL,admin,False,UNKNOWN_FACE_OR_NO_MATCH,4.32,6.32,0.0,12.83,0.85,234.85,1.96,209.39,474.57,480.89,0.3016,0.0245,3.751,3.716,0.0024,0.7469,0.7897,0.6,42ec96fa07ba9680cfff4315ea98c821d07b196276882c6790c0bca663a46e41,207319,1475,32.53
2026-09-27 18:11:37,IMPOSTOR_LIVE,NORMAL,admin,False,UNKNOWN_FACE_OR_NO_MATCH,4.34,6.34,0.0,12.17,0.72,253.61,1.54,209.71,493.08,499.42,0.2958,0.0558,3.779,3.716,0.0022,0.7644,0.8158,0.6,3257a407cf5a60589ff8cedcda74d7e8048e8c007e3d838fd49c96d2dfb12349,207319,1476,37.5
2026-09-27 18:11:42,IMPOSTOR_LIVE,NORMAL,admin,False,UNKNOWN_FACE_OR_NO_MATCH,5.42,7.42,0.0,11.59,0.76,237.99,1.54,209.72,478.85,486.27,0.3051,0.0745,3.7851,3.716,0.0021,0.7682,0.876,0.6,d2426359d9846865069341786ee7dffaf15fc3fe7045cfb4d4c27491e640fcaa,207319,1477,34.16
2026-09-27 18:11:46,IMPOSTOR_LIVE,NORMAL,24f0eee7-f336-4b9f-b199-df6d861fd014,False,UNKNOWN_FACE_OR_NO_MATCH,4.58,6.58,0.0,12.18,0.75,242.17,1.5,210.48,483.51,490.09,0.2271,0.062,3.7926,3.716,0.002,0.7728,0.9426,0.6,2b59f0b77ff2019dc12095e8f627c9e812ed4a012883123d96f711c872bf6298,252489,1478,37.97
2026-09-27 18:11:50,IMPOSTOR_LIVE,NORMAL,admin,False,UNKNOWN_FACE_OR_NO_MATCH,4.66,6.66,0.0,12.32,0.7,224.25,1.51,211.83,464.41,471.07,0.2391,0.0491,3.7638,3.716,0.0024,0.7549,0.9311,0.6,1c735a6945cea861acc65b3d3870e1468f2d6db56ccb69bb512b4a25bc0b88d5,207319,1479,32.06
2026-09-27 18:11:55,IMPOSTOR_LIVE,NORMAL,admin,False,UNKNOWN_FACE_OR_NO_MATCH,4.52,6.52,0.0,12.22,0.77,257.94,1.77,210.22,496.73,503.25,0.3039,0.0222,3.764,3.716,0.0021,0.755,0.7537,0.6,8a88412153abbb8a91fc949195d6de72a15d0a22470df4fd94f55e7b240b9a50,207319,1480,35.0
2026-09-27 18:12:00,IMPOSTOR_LIVE,NORMAL,admin,False,UNKNOWN_FACE_OR_NO_MATCH,4.61,6.61,0.0,10.8,0.69,216.4,2.12,210.22,454.43,461.04,0.2422,0.0596,3.7547,3.716,0.0023,0.7492,0.8053,0.6,bad507ab315c354f47507737280dd24fb96e7eff9eb97a3282cb5fd2921e7a7d,207319,1481,34.95
2026-09-27 18:12:04,IMPOSTOR_LIVE,NORMAL,admin,False,UNKNOWN_FACE_OR_NO_MATCH,4.64,6.64,0.0,11.93,0.7,227.31,1.98,209.48,465.04,471.68,0.26,0.0387,3.7726,3.716,0.0022,0.7604,0.8692,0.6,634cefb710ea3876bbbcbe33ff2ff0c5f512a37581da06cf9368b1202192f749,207319,1482,35.72
2026-09-27 18:12:08,IMPOSTOR_LIVE,NORMAL,admin,False,UNKNOWN_FACE_OR_NO_MATCH,4.73,6.73,0.0,12.01,0.71,239.57,1.88,210.31,478.18,484.91,0.3186,0.0653,3.7722,3.716,0.0022,0.7601,0.7261,0.6,248a292c431a556326e4a76c1d3113fa46c21b41ab17337498c740a8744a31d1,207319,1483,38.12
2026-09-27 18:12:13,IMPOSTOR_LIVE,NORMAL,admin,False,UNKNOWN_FACE_OR_NO_MATCH,4.46,6.46,0.0,11.38,0.71,257.24,1.2,210.64,497.36,503.82,0.2757,0.0398,3.7428,3.716,0.0023,0.7418,0.7634,0.6,8dc8c70b51b6636299c394060042814a305797e63b5d236b88bd2e694fa57176,207319,1484,36.38
2026-09-27 18:12:17,IMPOSTOR_LIVE,NORMAL,admin,False,UNKNOWN_FACE_OR_NO_MATCH,4.58,6.58,0.0,11.98,0.77,230.2,1.53,210.3,468.18,474.76,0.2699,0.0573,3.7723,3.716,0.0022,0.7602,0.7146,0.6,7970d5557e989cd3cd478442618683e7ae98f421455504362f49cc3ddb8067a1,207319,1485,39.31
2026-09-27 18:12:24,IMPOSTOR_LIVE,NORMAL,admin,False,UNKNOWN_FACE_OR_NO_MATCH,4.64,6.64,0.0,11.97,0.71,234.89,1.54,209.17,471.51,478.15,0.2932,0.0556,3.7557,3.716,0.0022,0.7498,0.7959,0.6,a74376aea13a284e3592aa98975d86467947a5b15f6cb5da6624895989c3bd93,207319,1486,36.93
2026-09-27 18:12:29,IMPOSTOR_LIVE,NORMAL,admin,False,UNKNOWN_FACE_OR_NO_MATCH,5.35,7.35,0.0,12.72,0.77,228.66,2.22,208.79,466.11,473.46,0.3129,0.0451,3.7708,3.716,0.0021,0.7593,0.8162,0.6,3d87475309ba99b205cf4b54342892d7d72e42184317fd0d61618c0f958f6af4,207319,1487,37.21
2026-09-27 18:12:34,IMPOSTOR_LIVE,NORMAL,24f0eee7-f336-4b9f-b199-df6d861fd014,False,UNKNOWN_FACE_OR_NO_MATCH,4.7,6.7,0.0,13.83,0.72,230.47,1.52,208.41,467.6,474.3,0.2799,0.0579,3.7578,3.716,0.0021,0.7511,0.8486,0.6,260ed4a4489f798c9bb90f099873567123cfe4237ac871deb1ca77cd443de9f8,252489,1488,40.81
2026-09-27 18:12:39,IMPOSTOR_LIVE,NORMAL,24f0eee7-f336-4b9f-b199-df6d861fd014,False,UNKNOWN_FACE_OR_NO_MATCH,4.6,6.6,0.0,12.53,0.73,229.6,1.57,209.27,467.54,474.14,0.2534,0.0335,3.7651,3.716,0.0021,0.7557,0.8153,0.6,91c8bb91d02541c36d522df0e0e6ab5755ebb06353f1ac10893e0eae0e62363b,252489,1489,40.25
2026-09-27 18:12:44,IMPOSTOR_LIVE,NORMAL,admin,False,UNKNOWN_FACE_OR_NO_MATCH,4.4,6.4,0.0,13.1,0.74,238.01,1.61,208.4,475.19,481.59,0.2719,0.0328,3.755,3.716,0.0023,0.7494,0.8051,0.6,6069d093a561878edd3f884b0b861428add7098ee71d5fa61fe333743985e8fa,207319,1490,37.52
2026-09-27 18:12:48,IMPOSTOR_LIVE,NORMAL,24f0eee7-f336-4b9f-b199-df6d861fd014,False,UNKNOWN_FACE_OR_NO_MATCH,4.4,6.4,0.0,14.2,0.72,238.68,1.38,211.81,483.59,489.99,0.2839,0.2296,3.7612,3.716,0.0023,0.7532,0.8377,0.6,9b6fe0483d81c283fb8fdd67df9a04645cd8f9709231c3c332c689469a1272ed,252489,1491,38.14
2026-09-27 18:12:53,IMPOSTOR_LIVE,NORMAL,admin,False,UNKNOWN_FACE_OR_NO_MATCH,5.54,7.54,0.0,12.56,0.74,234.95,1.89,210.05,474.57,482.11,0.2845,0.067,3.7663,3.716,0.0022,0.7564,0.7638,0.6,3f1966eaf4e4320a9969e5ac694658975e8870c7628ab33a8329abfc466487cf,207319,1492,33.39
2026-09-27 18:12:59,IMPOSTOR_LIVE,NORMAL,admin,False,UNKNOWN_FACE_OR_NO_MATCH,4.81,6.81,0.0,11.58,0.96,233.34,1.62,210.22,473.53,480.34,0.2881,0.1374,3.7597,3.716,0.0022,0.7523,0.735,0.6,a71e373ed567b50c149da1d504ca7fc273b44a855f74ee6c9ca286f3366a8eb8,207319,1493,35.26
2026-09-27 18:13:05,IMPOSTOR_LIVE,NORMAL,24f0eee7-f336-4b9f-b199-df6d861fd014,False,UNKNOWN_FACE_OR_NO_MATCH,4.57,6.57,0.0,12.25,0.79,227.93,1.57,209.6,464.8,471.37,0.3093,0.113,3.7507,3.716,0.0022,0.7467,0.8893,0.6,a0606972b97f4eb5daec055673625a4f24dfb55da041ea935035b9a06d83e755,252489,1494,48.13
2026-09-27 18:13:11,IMPOSTOR_LIVE,NORMAL,admin,False,UNKNOWN_FACE_OR_NO_MATCH,4.69,6.69,0.0,21.26,2.57,273.43,1.25,230.17,553.25,559.94,0.3071,0.0822,3.7416,3.716,0.0024,0.741,0.8063,0.6,138ee65d2ebbdd3a26814388b9ac5a38c8e442d03f7d656919c59d802025f098,207319,1495,41.84
2026-09-27 18:18:11,LIVE_USER,NORMAL,admin,True,NONE_GRANTED,4.4,6.4,0.0,13.13,0.8,243.17,2.37,212.27,490.57,496.97,0.3018,0.1518,3.7494,3.716,0.0022,0.7459,0.307,0.6,d4a241040ebe73d48e803125bdaccb04d4ca10856d7dac533ec46a8a1236f12d,247515,1496,39.7
2026-09-27 18:18:15,LIVE_USER,NORMAL,admin,False,UNKNOWN_FACE_OR_NO_MATCH,4.45,6.45,0.0,11.14,0.71,244.03,1.71,210.11,482.16,488.61,0.2695,0.0858,3.7731,3.716,0.002,0.7607,0.9556,0.6,7368f49b8ceb0cfa42e44260d1a913602dc3db3b254458e0131e76b486d0f9df,207319,1497,34.47
2026-09-27 18:18:20,LIVE_USER,NORMAL,admin,False,UNKNOWN_FACE_OR_NO_MATCH,4.55,6.55,0.0,15.74,0.78,253.81,1.44,212.51,500.53,507.08,0.2736,0.0313,3.7525,3.716,0.0022,0.7478,0.9329,0.6,d944ab0a4b48222843d8ebdeefe10e3d29ca05ec2bf6045c21f296d2e8d0250c,207319,1498,34.83
2026-09-27 18:18:30,LIVE_USER,NORMAL,admin,True,NONE_GRANTED,4.94,6.94,0.0,12.55,0.77,241.22,1.53,209.81,480.11,487.05,0.3084,0.0363,3.7715,3.716,0.0021,0.7597,0.2928,0.6,2dc48ebfd673057ffcbc9fe595038d5d3a5e5f0f355d9826069855c87c1f990b,247515,1499,34.37
2026-09-27 18:18:34,LIVE_USER,NORMAL,admin,True,NONE_GRANTED,4.39,6.39,0.0,11.53,0.73,245.28,1.68,211.66,488.06,494.45,0.3043,0.1083,3.7419,3.716,0.0022,0.7412,0.3122,0.6,ead4a3b7f8204ab8135795a8089ee50e7a64ddddc7c035ed388ce9490cd2038f,247515,1500,36.41
2026-09-27 18:18:56,LIVE_USER,NORMAL,admin,True,NONE_GRANTED,5.18,7.18,0.0,12.19,0.75,252.29,1.44,214.13,495.39,502.57,0.3097,0.0132,3.7557,3.716,0.002,0.7498,0.276,0.6,72a9565673cb956ce9da053bdfe282405e92e4e2d1a3df7e70d6875ec11a82a1,247515,1501,36.88
2026-09-27 18:19:01,LIVE_USER,NORMAL,admin,True,NONE_GRANTED,5.01,7.01,0.0,12.11,0.74,234.68,1.44,210.54,474.91,481.92,0.3201,0.0535,3.7376,3.716,0.0021,0.7385,0.2646,0.6,78950f846aa229b6ad13042b7440ac31b84a7c0ca68732a71b2dd43051932e0f,247515,1502,35.04
2026-09-27 18:19:08,LIVE_USER,NORMAL,UNKNOWN,False,SPOOFING_DETECTED,4.65,6.65,0.0,11.98,1.36,0.0,0.0,209.08,234.68,241.33,0.2842,0.2302,3.6991,3.716,0.0024,0.7144,0.0,0.6,1efb7f351868d272777955934c48f35affdf266f624847fd8c9b01e696fc29ed,187419,1503,34.39
2026-09-27 18:19:13,LIVE_USER,NORMAL,admin,True,NONE_GRANTED,5.6,7.6,0.0,12.43,1.3,241.58,1.67,209.9,482.61,490.21,0.2944,0.0275,3.7203,3.716,0.0022,0.7276,0.2342,0.6,a4865a83f3752f57d41cde1e8d3f87e8eb4dfd4dd136e91a3b97a2aa851031f0,247515,1504,34.46
2026-09-27 18:19:17,LIVE_USER,NORMAL,admin,True,NONE_GRANTED,4.86,6.86,0.0,11.67,0.75,232.36,1.89,209.42,469.87,476.73,0.2845,0.0319,3.7249,3.716,0.0022,0.7306,0.235,0.6,b18a77d1362d4d0bca8d76c43ab03e95d21f23a4e1687b721d80177532fd61e6,247515,1505,33.44
2026-09-27 18:19:22,LIVE_USER,NORMAL,admin,True,NONE_GRANTED,4.7,6.7,0.0,14.13,1.05,253.2,1.59,211.15,497.49,504.19,0.3101,0.0351,3.7363,3.716,0.0021,0.7376,0.243,0.6,cdc40853cbc19ec7008dd650bbb6849695ab5f2596a00c7acb21fc3e2ee94ff1,247515,1506,39.48
2026-09-27 18:19:28,LIVE_USER,NORMAL,admin,True,NONE_GRANTED,4.76,6.76,0.0,13.0,1.18,247.46,1.82,211.02,490.83,497.59,0.3168,0.0157,3.7366,3.716,0.0022,0.7379,0.2678,0.6,6a472403f5cf0eb5884aaca73902a8dc21721ac01dc4e919f06758726a970134,247515,1507,37.18
2026-09-27 18:19:33,LIVE_USER,NORMAL,admin,True,NONE_GRANTED,5.28,7.28,0.0,11.45,0.72,244.49,1.55,211.2,484.04,491.32,0.2839,0.0202,3.7161,3.716,0.0023,0.725,0.233,0.6,8867add4ccd22ec5ff5963964d88f8b67849b3be7635a2b40e7e0d1a6d3c0e05,247515,1508,37.21
2026-09-27 18:19:38,LIVE_USER,NORMAL,admin,True,NONE_GRANTED,4.42,6.42,0.0,12.28,0.75,233.13,1.49,209.88,471.85,478.27,0.2532,0.065,3.7487,3.716,0.0021,0.7455,0.2355,0.6,040cff9fec8e3d48c5d47100a2faf376c7e6c074b48ba104a4acdb529edd6744,247515,1509,35.44
2026-09-27 18:19:42,LIVE_USER,NORMAL,admin,True,NONE_GRANTED,4.36,6.36,0.0,12.43,1.04,235.48,1.51,210.78,476.37,482.73,0.2834,0.1234,3.7263,3.716,0.0022,0.7314,0.2182,0.6,7ce620f995186aee72fc982d13e8bf049a530314326689a7865759ded001a378,247515,1510,33.51
2026-09-27 18:19:47,LIVE_USER,NORMAL,admin,True,NONE_GRANTED,4.28,6.28,0.0,13.31,0.97,248.53,1.75,210.49,489.6,495.88,0.3029,0.03,3.7416,3.716,0.0021,0.741,0.2416,0.6,6f8d66cf5e4101a2803269c3b2d195f77c4544d8b396902220625a007f070628,247515,1511,35.15
2026-09-27 18:19:51,LIVE_USER,NORMAL,admin,True,NONE_GRANTED,4.47,6.47,0.0,15.8,1.09,243.82,1.5,213.58,495.54,502.01,0.3136,0.0569,3.7218,3.716,0.0022,0.7286,0.2108,0.6,13201a98b17d7b03fc0d0af99b03cf37045c89bc88635023f1c96f2e87d8b01e,247515,1512,32.36
2026-09-27 18:19:58,LIVE_USER,NORMAL,admin,True,NONE_GRANTED,4.33,6.33,0.0,11.67,1.13,255.4,1.24,211.36,495.36,501.69,0.2737,0.034,3.7344,3.716,0.0022,0.7365,0.3763,0.6,62e3aaf07ad1a91317d526c17199fa199de28c951deb403eb9359145325dc7ee,247515,1513,37.94
2026-09-27 18:20:02,LIVE_USER,NORMAL,admin,True,NONE_GRANTED,6.07,8.07,0.0,11.47,1.12,256.14,1.54,216.12,501.39,509.46,0.2891,0.0143,3.7368,3.716,0.0022,0.738,0.2824,0.6,20a429aa6e38ea560bdec2e1842479eb92af73c20ace1aac59061da984713646,247515,1514,34.88
2026-09-27 18:20:08,LIVE_USER,NORMAL,admin,True,NONE_GRANTED,4.52,6.52,0.0,11.82,0.73,240.86,2.0,211.35,482.77,489.29,0.3081,0.0224,3.7366,3.716,0.0021,0.7379,0.2818,0.6,deeaeb58ed087c6cacbd8291b4eca33025ef33ec78e59803c3e987676a0ffac2,247515,1515,47.61
2026-09-27 18:20:12,LIVE_USER,NORMAL,admin,True,NONE_GRANTED,4.37,6.37,0.0,14.26,1.01,255.07,1.46,212.73,499.4,505.77,0.2666,0.014,3.7215,3.716,0.0022,0.7284,0.2389,0.6,8fb7b7ebb848b9590023453bae5a2357d5216e66e0f4ebe32ca82c1a5308370a,247515,1516,37.54
2026-09-27 18:20:18,LIVE_USER,NORMAL,admin,True,NONE_GRANTED,4.49,6.49,0.0,11.46,0.81,244.8,1.6,213.14,489.9,496.39,0.2666,0.0146,3.7386,3.716,0.0021,0.7391,0.2707,0.6,ccbc0d300ebc20a6c43a40929ea3a4f52a7770d28a9cea07bc934958f1e5bb55,247515,1517,40.28
2026-09-27 18:20:27,LIVE_USER,NORMAL,admin,True,NONE_GRANTED,4.69,6.69,0.0,11.69,0.91,236.64,1.59,210.91,476.65,483.34,0.2477,0.0211,3.7301,3.716,0.0022,0.7338,0.207,0.6,ed2130a6ac0aec60233b2f83b1393abe7929dc3aa2bb61c2b8d161224d3800ab,247515,1518,36.66
2026-09-27 18:20:32,LIVE_USER,NORMAL,admin,False,UNKNOWN_FACE_OR_NO_MATCH,4.27,6.27,0.0,11.47,0.72,1149.63,1.32,208.9,1386.93,1393.2,0.2662,0.0305,3.72,3.716,0.0022,0.7275,0.8674,0.6,bc33d79dfce6e9792ab701043b105dd86a82ecb028f7eda1c7f942a487744d8e,207319,1519,35.19
2026-09-27 18:20:36,LIVE_USER,NORMAL,admin,True,NONE_GRANTED,4.37,6.37,0.0,12.33,0.73,236.43,2.15,211.34,478.62,484.99,0.2951,0.0226,3.7165,3.716,0.0023,0.7253,0.2179,0.6,5f2a6656475a4f91f7a71dec7ee1a5ea37792d84fa4938786a8d99e298da81b1,247515,1520,40.81
2026-09-27 18:20:41,LIVE_USER,NORMAL,admin,True,NONE_GRANTED,5.47,7.47,0.0,11.64,0.71,238.75,2.02,210.03,477.58,485.05,0.2918,0.0192,3.7378,3.716,0.0022,0.7386,0.2234,0.6,e3057faa82fb087e57c8cd5b43a41ba72b627c1dcd30748c31146056ff917320,247515,1521,37.53
2026-09-27 18:20:45,LIVE_USER,NORMAL,admin,True,NONE_GRANTED,5.5,7.5,0.0,11.88,1.38,229.54,1.52,210.4,469.94,477.44,0.2602,0.0207,3.7197,3.716,0.0022,0.7273,0.2116,0.6,c0d1891a9c1c2e4f23cd12445b27248f2198487768c3a28f6ee31d0b32d29b22,247515,1522,37.56
2026-09-27 18:20:50,LIVE_USER,NORMAL,admin,True,NONE_GRANTED,4.39,6.39,0.0,11.76,2.21,242.25,2.07,212.22,487.12,493.51,0.2555,0.0231,3.7452,3.716,0.0021,0.7432,0.2252,0.6,db9fad4cc15961c8649eca9d3c489aa0044ae600a8f7c3563598cf933bd8d275,247515,1523,34.97
2026-09-27 18:20:55,LIVE_USER,NORMAL,admin,True,NONE_GRANTED,4.7,6.7,0.0,12.52,0.77,230.33,1.46,211.33,471.3,478.0,0.2278,0.0187,3.733,3.716,0.0021,0.7356,0.1996,0.6,73122bf883b4e032e307540309d3f48d946303175e5f8c50fcd923f2d372a736,247515,1524,37.14
2026-09-27 18:21:00,LIVE_USER,NORMAL,admin,True,NONE_GRANTED,4.6,6.6,0.0,18.51,0.75,266.66,1.1,214.26,522.37,528.97,0.241,0.0132,3.7173,3.716,0.0022,0.7258,0.2494,0.6,a019d05087fd3a8ef14e4baa0b4af0694c58f5fc2bb6ab5d5549bc6c0bdbe417,247515,1525,31.15
2026-09-27 18:21:04,LIVE_USER,NORMAL,admin,True,NONE_GRANTED,4.33,6.33,0.0,11.73,1.54,232.24,1.49,210.62,473.89,480.22,0.2631,0.167,3.7416,3.716,0.0021,0.741,0.2332,0.6,84b8a550f2fa2e577ffd5007187bf46b69e351b9f650ede918f864a6f79813b1,247515,1526,36.08
2026-09-27 18:21:10,LIVE_USER,NORMAL,admin,True,NONE_GRANTED,4.56,6.56,0.0,13.55,0.8,232.76,1.46,211.3,475.65,482.21,0.2549,0.032,3.7229,3.716,0.0022,0.7293,0.2037,0.6,214e2202351e20d169d5ff6be653eae31d2a85cb14ec03684fd2962bf4b94443,247515,1527,31.75
2026-09-27 18:21:15,LIVE_USER,NORMAL,admin,True,NONE_GRANTED,4.42,6.42,0.0,12.25,1.41,228.45,1.5,210.27,468.6,475.02,0.2335,0.0316,3.7219,3.716,0.0022,0.7287,0.2257,0.6,bdfde00b46c84aeace3f16b24d2556cd959ed60174df7dd76547284bc323bc05,247515,1528,40.74
2026-09-27 18:21:21,LIVE_USER,NORMAL,admin,True,NONE_GRANTED,4.69,6.69,0.0,11.24,1.61,234.92,1.53,210.14,473.46,480.15,0.2236,0.0293,3.7228,3.716,0.0022,0.7292,0.2101,0.6,3ce8556e45231e9ee117d9e0983ab95e339f348a7545d447dac25a75fd1a4be8,247515,1529,33.15
2026-09-27 18:21:25,LIVE_USER,NORMAL,admin,True,NONE_GRANTED,4.54,6.54,0.0,11.66,1.39,233.84,1.51,210.15,473.97,480.51,0.275,0.0324,3.7207,3.716,0.0023,0.7279,0.24,0.6,31037554dd9ca3dfd2e332206e8231060fe5c66345af5359e4c303309a60db08,247515,1530,35.0
2026-09-27 18:21:30,LIVE_USER,NORMAL,admin,True,NONE_GRANTED,5.04,7.04,0.0,12.43,0.73,235.41,1.74,210.5,475.04,482.08,0.2531,0.0363,3.7484,3.716,0.0021,0.7452,0.2391,0.6,c5f77e2f0d6632888e96efda5af11ed2bc251742a00aa9c72b1e1bf7954f7564,247515,1531,34.39
2026-09-27 18:21:42,LIVE_USER,NORMAL,admin,True,NONE_GRANTED,4.42,6.42,0.0,11.52,1.4,233.61,1.53,210.47,473.33,479.75,0.2617,0.0376,3.727,3.716,0.0022,0.7319,0.2538,0.6,721a9fde5858e3711977524e7e826293470c59932d7aa8dfcd35df4cf8e54b28,247515,1532,39.73
2026-09-27 18:21:48,LIVE_USER,NORMAL,admin,True,NONE_GRANTED,4.77,6.77,0.0,11.95,1.21,230.38,1.49,211.48,471.41,478.18,0.2779,0.2147,3.733,3.716,0.0021,0.7356,0.2575,0.6,0c330357733a07f90cf03400b6447d7a587cbdbeca8efc78dbf4236c5c5cb6e5,247515,1533,36.03
2026-09-27 18:21:53,LIVE_USER,NORMAL,admin,True,NONE_GRANTED,7.83,9.83,0.0,13.0,0.69,275.73,1.13,214.56,520.65,530.48,0.2721,0.0235,3.741,3.716,0.0022,0.7406,0.2522,0.6,b77d15f606de19187fc078bd83f651903750f9f1a7a70a76cab0477fe84a4fe7,247515,1534,30.57
2026-09-27 18:21:58,LIVE_USER,NORMAL,admin,True,NONE_GRANTED,4.6,6.6,0.0,12.47,0.73,261.78,1.38,223.21,513.42,520.02,0.283,0.0271,3.7259,3.716,0.0023,0.7312,0.1859,0.6,608880e4c4aef52028f2cee840003f556c221cb7666f62c06d21e74410d050e4,247515,1535,31.27
2026-09-27 18:22:02,LIVE_USER,NORMAL,UNKNOWN,False,SPOOFING_DETECTED,10.84,12.84,0.0,11.72,0.71,0.0,0.0,209.63,233.91,246.75,0.297,0.0291,3.7158,3.716,0.0023,0.7249,0.0,0.6,e352c5814f3f6fea43bdd8c10ab94e52b7d43fc6e453eca5d8ab8b737bd5792f,187419,1536,35.31
2026-09-27 18:22:07,LIVE_USER,NORMAL,UNKNOWN,False,SPOOFING_DETECTED,4.32,6.32,0.0,12.04,0.72,0.0,0.0,210.13,237.32,243.64,0.2931,0.0228,3.7139,3.716,0.0023,0.7237,0.0,0.6,98f27c87ac7b40792f2aec0ad7e56bf3e7be35a0c07ffc5db13a951ca0cc09e8,187419,1537,41.28
2026-09-27 18:22:14,LIVE_USER,NORMAL,UNKNOWN,False,SPOOFING_DETECTED,6.8,8.8,0.0,11.47,1.47,0.0,0.0,211.52,239.26,248.06,0.2827,0.0215,3.7158,3.716,0.0023,0.7248,0.0,0.6,6e3f0fef8b3c0885eb7e89b9fd21b3c5999996b73059cee491b363d91230cca7,187419,1538,37.47
2026-09-27 18:22:21,LIVE_USER,NORMAL,admin,True,NONE_GRANTED,4.61,6.61,0.0,12.45,1.89,240.22,1.92,220.53,495.69,502.3,0.2983,0.0434,3.7467,3.716,0.0021,0.7442,0.2357,0.6,a277d3f52eb0805906cb78288617cbfb989f9db24760ab13d59f8a6415cbd33d,247515,1539,45.07
2026-09-27 18:22:26,LIVE_USER,NORMAL,admin,True,NONE_GRANTED,5.45,7.45,0.0,12.01,1.44,253.36,1.47,211.56,495.77,503.22,0.3102,0.047,3.7294,3.716,0.0022,0.7334,0.3068,0.6,6c5a778a2975fccc0a4dedb64505a6cefd2bf81a5535a5781bc1efba633cb6db,247515,1540,33.53
2026-09-27 18:22:31,LIVE_USER,NORMAL,admin,True,NONE_GRANTED,4.76,6.76,0.0,12.8,1.61,241.56,1.51,212.07,485.52,492.28,0.3034,0.0123,3.7321,3.716,0.0022,0.735,0.2645,0.6,71ec746b8d5d34458e7d2675d27a648e109612cc10d06edf87231261110b580d,247515,1541,35.34
2026-09-27 18:22:35,LIVE_USER,NORMAL,admin,True,NONE_GRANTED,4.54,6.54,0.0,12.55,1.4,242.35,1.61,211.18,484.83,491.37,0.2907,0.0216,3.7246,3.716,0.0022,0.7304,0.2503,0.6,446a2c2c9644ec8601ecc916912dc1520f30a9a4812f1150f41dcca836501e7b,247515,1542,38.64
2026-09-27 18:22:39,LIVE_USER,NORMAL,admin,True,NONE_GRANTED,4.77,6.77,0.0,13.2,0.7,253.81,1.19,211.48,495.33,502.1,0.3009,0.0218,3.7506,3.716,0.0021,0.7466,0.2644,0.6,88dc5b216eae1722f8c35cd1f4b7b483227480833bbd0ffb8b6d60e7d1f9e6c0,247515,1543,29.47
2026-09-27 18:22:43,LIVE_USER,NORMAL,admin,True,NONE_GRANTED,6.3,8.3,0.0,12.22,0.77,265.34,1.12,211.72,508.51,516.81,0.297,0.2293,3.7167,3.716,0.0023,0.7254,0.2641,0.6,ff19041ebfd316b6d7cb3bd0e6aa8239f110cc00da4cba4b66c60ea464d512c1,247515,1544,35.07
2026-09-27 18:22:48,LIVE_USER,NORMAL,admin,True,NONE_GRANTED,4.34,6.34,0.0,12.38,1.66,295.33,1.26,211.67,537.93,544.27,0.2768,0.0448,3.7376,3.716,0.0022,0.7385,0.2868,0.6,e9dbd4b3dd59e5d6fb54d36e82ba3083a0520acb3d9ce33b2d9f1ce695ddc04c,247515,1545,32.92
2026-09-27 18:22:53,LIVE_USER,NORMAL,admin,True,NONE_GRANTED,5.91,7.91,0.0,11.97,0.79,242.55,1.71,210.59,482.35,490.26,0.2876,0.026,3.7413,3.716,0.0022,0.7408,0.3406,0.6,14982c783d7a06d60320095ece0141ed6e48052870c76871c1d764658bffb6bc,247515,1546,35.57
2026-09-27 18:22:58,LIVE_USER,NORMAL,admin,True,NONE_GRANTED,4.43,6.43,0.0,11.61,1.44,242.28,1.47,210.13,481.42,487.85,0.294,0.0279,3.7481,3.716,0.0021,0.745,0.219,0.6,ab17dfef26ab914d62ab269506901604822487e97aaf37a3e0dd74c8e560d995,247515,1547,34.54
2026-09-27 18:23:04,LIVE_USER,NORMAL,admin,True,NONE_GRANTED,4.58,6.58,0.0,12.4,0.78,249.72,1.8,210.55,490.65,497.23,0.3717,0.0254,3.7562,3.716,0.002,0.7501,0.3036,0.6,51fa8ae81aa0d18440ffa2c9314a287d567d33d68f18c3e84e66203e61e9c8c3,247515,1548,41.34
2026-09-27 18:23:10,LIVE_USER,NORMAL,admin,True,NONE_GRANTED,5.04,7.04,0.0,17.16,0.75,248.44,1.52,210.98,495.54,502.58,0.3151,0.022,3.7194,3.716,0.0023,0.7271,0.2541,0.6,c6cfbc9af2e736cc97ae1ff36ebc6bd6d4cf17cc2a2fcaf48ea1c3a9def50ce0,247515,1549,38.84
2026-09-27 18:23:15,LIVE_USER,NORMAL,admin,True,NONE_GRANTED,4.56,6.56,0.0,14.32,0.76,272.28,1.46,211.14,515.78,522.34,0.3197,0.1833,3.7792,3.716,0.0019,0.7645,0.2652,0.6,773230c38ff83fa4dd59ffd42c0fc87f419e9f43f488e5ded24d1b1891719b32,247515,1550,32.86
2026-09-27 18:23:20,LIVE_USER,NORMAL,admin,True,NONE_GRANTED,4.75,6.75,0.0,13.58,1.26,255.23,1.42,214.03,501.9,508.65,0.3011,0.0154,3.762,3.716,0.0021,0.7538,0.2821,0.6,9ab080bfc91b30774e27b89bf004ff52822474adce36c17d4a836ad8930b1b85,247479,1551,36.96
2026-09-27 18:23:25,LIVE_USER,NORMAL,admin,True,NONE_GRANTED,5.17,7.17,0.0,12.06,1.73,252.34,1.77,210.11,493.03,500.2,0.2944,0.2306,3.7429,3.716,0.0021,0.7418,0.2882,0.6,b1ad9ecb4f52afc055f884f5f38f573f43abaf0f988a42737ed8152bf3998a8a,247515,1552,36.5
2026-09-27 18:23:32,LIVE_USER,NORMAL,admin,True,NONE_GRANTED,5.06,7.06,0.0,12.06,1.48,261.37,1.59,211.79,505.21,512.27,0.2975,0.207,3.742,3.716,0.0022,0.7412,0.4296,0.6,74085a1914f5e43ac9193d7c236bae77fcfd02c235c0f70bcfdf3464b0ccb938,247515,1553,38.24
2026-09-27 18:23:36,LIVE_USER,NORMAL,admin,True,NONE_GRANTED,4.31,6.31,0.0,11.64,0.71,250.26,1.66,211.15,493.48,499.79,0.2854,0.2371,3.7475,3.716,0.0022,0.7447,0.2512,0.6,bca76c84109acd302b2ae468af65459c9e65e6b862ca212aef03ba1f5eabe825,247515,1554,35.93
2026-09-27 18:23:43,LIVE_USER,NORMAL,admin,True,NONE_GRANTED,4.44,6.44,0.0,12.46,2.13,258.89,1.71,210.94,503.27,509.71,0.3058,0.0397,3.7212,3.716,0.0022,0.7282,0.2446,0.6,5bdf843026f723a784dedbc3dcaf37b3e909eb02a085d662603d6f4a3d6f762d,247515,1555,32.63
2026-09-27 18:23:48,LIVE_USER,NORMAL,admin,True,NONE_GRANTED,4.51,6.51,0.0,11.79,1.58,254.01,1.66,211.0,494.92,501.43,0.2938,0.0505,3.7422,3.716,0.0022,0.7413,0.259,0.6,2b8d53af196dc515a1113f80dc6bec26d3603a99e138f19dbd1e75c7696d5cb1,247515,1556,39.86
2026-09-27 18:23:53,LIVE_USER,NORMAL,admin,True,NONE_GRANTED,4.62,6.62,0.0,14.4,0.97,332.3,1.35,216.06,584.84,591.46,0.3059,0.057,3.7671,3.716,0.0021,0.757,0.2993,0.6,c07386e85c33ebbf0ac5249e855aecee5934dd91b618cdbaf34b2c65e24818a9,247515,1557,29.67
2026-09-27 18:23:57,LIVE_USER,NORMAL,admin,True,NONE_GRANTED,4.98,6.98,0.0,13.32,0.8,285.55,1.79,214.89,534.33,541.31,0.2906,0.0223,3.7709,3.716,0.002,0.7593,0.2755,0.6,32654077f1f705bd766015fe21b820d769c03b16c78df01f42074f294f1413da,247515,1558,33.84
2026-09-27 18:24:02,LIVE_USER,NORMAL,admin,True,NONE_GRANTED,4.76,6.76,0.0,13.36,1.59,357.04,1.81,211.58,603.14,609.9,0.3013,0.1048,3.7268,3.716,0.0022,0.7318,0.2958,0.6,b80722d651075c072e9ab5de21597a6f1c3e08e1e00c911282e2929577d30f2c,247515,1559,29.36
2026-09-27 18:24:06,LIVE_USER,NORMAL,admin,True,NONE_GRANTED,4.67,6.67,0.0,12.48,1.95,286.39,1.54,210.03,531.27,537.94,0.2911,0.0326,3.7551,3.716,0.0021,0.7495,0.3659,0.6,a5d641eb462a3dc221fb5a46157dc49d15dcf0746efa921774ee45fb0f5e9acb,247515,1560,36.01
2026-09-27 18:24:11,LIVE_USER,NORMAL,admin,True,NONE_GRANTED,4.34,6.34,0.0,13.09,0.77,281.3,1.37,212.36,529.44,535.78,0.2986,0.03,3.7419,3.716,0.0022,0.7412,0.3016,0.6,0fbfe9344632472cf20c1bfd23000d356d861c2db695b3c29037269c89b24d22,247515,1561,36.51
2026-09-27 18:24:20,LIVE_USER,NORMAL,admin,True,NONE_GRANTED,4.31,6.31,0.0,12.59,1.45,274.11,1.52,210.65,518.59,524.9,0.2932,0.0312,3.7342,3.716,0.0023,0.7364,0.4005,0.6,c1fa35df22216a5877af6d933f55e382a6ebf264d8c4062e2ba15fa8305d9c33,247515,1562,47.94
2026-09-27 18:24:24,LIVE_USER,NORMAL,UNKNOWN,False,SPOOFING_DETECTED,4.82,6.82,0.0,13.15,1.7,0.0,0.0,211.49,242.16,248.98,0.2967,0.014,3.6958,3.716,0.0023,0.7124,0.0,0.6,bcba01eabe0fce6ea12ec9703df16a3e5689105e6c6b451690df295ee7c9604c,187419,1563,42.5
2026-09-27 18:24:31,LIVE_USER,NORMAL,admin,True,NONE_GRANTED,4.51,6.51,0.0,13.27,0.8,266.63,1.34,210.87,510.09,516.6,0.2942,0.0566,3.7221,3.716,0.0023,0.7288,0.3329,0.6,d45656f2c45df9f770616c32662ec7b03ec478b4b005c315e9f8375cf2213a8d,247503,1564,44.71
2026-09-27 18:24:36,LIVE_USER,NORMAL,admin,True,NONE_GRANTED,5.58,7.58,0.0,11.99,0.72,230.39,1.53,210.77,469.16,476.74,0.2925,0.0303,3.7408,3.716,0.0021,0.7405,0.2354,0.6,eff6aee80082940eebd87975de08f828d8c543f7071c4bf97fc59347335e39e0,247515,1565,46.5
2026-09-27 18:24:41,LIVE_USER,NORMAL,admin,True,NONE_GRANTED,4.3,6.3,0.0,11.62,1.6,229.28,1.53,210.95,468.54,474.84,0.2824,0.2252,3.7289,3.716,0.0022,0.733,0.2835,0.6,0676db631cf76ed144fbca310dc3d8ecd041e028b5ff526b43cbc60458fd23e7,247515,1566,38.49
2026-09-27 18:24:48,LIVE_USER,NORMAL,admin,True,NONE_GRANTED,4.4,6.4,0.0,11.5,1.4,227.95,1.63,210.77,466.76,473.16,0.2937,0.0838,3.718,3.716,0.0022,0.7262,0.2945,0.6,23a19d7286f987b04fdf6c5bc4c264edde82cfd112f494d61b3a1a1f0d481c48,247515,1567,42.93
2026-09-27 18:24:53,LIVE_USER,NORMAL,admin,True,NONE_GRANTED,4.74,6.74,0.0,12.59,1.57,234.67,1.52,211.15,476.08,482.82,0.2853,0.0182,3.7247,3.716,0.0022,0.7304,0.2921,0.6,4e40d76ba590e39029d50b46d2c5ea5d180c6b154c2422874c4e5a57761476a6,247515,1568,38.87
2026-09-27 18:24:59,LIVE_USER,NORMAL,admin,True,NONE_GRANTED,4.46,6.46,0.0,12.58,0.9,230.74,1.53,210.67,469.73,476.19,0.2696,0.0202,3.7461,3.716,0.0021,0.7438,0.271,0.6,25eceb06c7d464481007c9aab2bac63a9dece8337cc26a6c80df6c20e86e85fb,247515,1569,39.7
2026-09-27 18:25:05,LIVE_USER,NORMAL,admin,True,NONE_GRANTED,5.96,7.96,0.0,11.24,0.71,229.39,1.57,210.38,469.95,477.91,0.2942,0.0631,3.7196,3.716,0.0022,0.7272,0.2538,0.6,34b210045b40a2a0a6c6421eba58efc096455a8b346bd5997c9148cb0e731f3c,247515,1570,37.58
2026-09-27 18:25:11,LIVE_USER,NORMAL,admin,True,NONE_GRANTED,5.2,7.2,0.0,11.44,0.77,228.17,1.83,210.17,466.73,473.93,0.2896,0.0353,3.7327,3.716,0.0022,0.7355,0.3791,0.6,49b2c95d1bf1d3c9c732602d2768f5b36994865dc0798d5bb5c5909cbf0643ed,247515,1571,42.64
2026-09-27 18:25:15,LIVE_USER,NORMAL,admin,True,NONE_GRANTED,4.43,6.43,0.0,11.84,2.74,227.89,1.65,210.91,469.95,476.38,0.2952,0.0108,3.7523,3.716,0.0021,0.7476,0.2625,0.6,c9d775538aa781d0bf34546316b28f7f5215d18f9c50ca2d5971f3bed95e18fa,247515,1572,35.62
2026-09-27 18:25:21,LIVE_USER,NORMAL,admin,True,NONE_GRANTED,4.98,6.98,0.0,11.45,0.71,240.13,1.55,211.11,479.49,486.47,0.2554,0.0231,3.7458,3.716,0.0021,0.7436,0.2734,0.6,24a8b11e06fe60976089a97b21ef4174e1efc61dd1cf1e3bdf8dd22805ba8fa1,247515,1573,38.51
2026-09-27 18:25:26,LIVE_USER,NORMAL,admin,True,NONE_GRANTED,4.84,6.84,0.0,11.6,0.72,237.95,2.01,211.07,479.56,486.4,0.2907,0.0329,3.7473,3.716,0.0021,0.7446,0.2927,0.6,913c8fb2bae5498ecb413ae8ae1922ab64fb09b5cd5cee9dc90db21e2d9214be,247515,1574,39.93
2026-09-27 18:25:31,LIVE_USER,NORMAL,admin,True,NONE_GRANTED,4.5,6.5,0.0,11.94,1.44,229.27,1.55,210.45,469.93,476.43,0.2935,0.0212,3.729,3.716,0.0022,0.7331,0.3147,0.6,2f11a61cee8e9573c676a19d40c44970dbfe1299b78d827b4326931ee1beb147,247515,1575,40.2
2026-09-27 18:25:36,LIVE_USER,NORMAL,admin,True,NONE_GRANTED,4.63,6.63,0.0,11.35,1.57,233.59,1.94,210.83,473.93,480.56,0.2858,0.0244,3.7288,3.716,0.0022,0.733,0.232,0.6,a043b70d2be4b5f15667dd745075a0df7053fcb5d04136dd552d0946428f5c4a,247515,1576,40.02
2026-09-27 18:25:42,LIVE_USER,NORMAL,admin,True,NONE_GRANTED,4.85,6.85,0.0,13.34,1.51,235.54,1.44,211.4,476.29,483.14,0.2986,0.0369,3.7411,3.716,0.0021,0.7407,0.2772,0.6,1bce2a27741cd7a2dc00d73b76ee97d8de7c658bd1e7f31799c980aa7b70cd38,247515,1577,39.2
2026-09-27 18:25:46,LIVE_USER,NORMAL,UNKNOWN,False,SPOOFING_DETECTED,4.82,6.82,0.0,11.84,1.73,0.0,0.0,209.82,235.21,242.03,0.298,0.0481,3.7128,3.716,0.0023,0.723,0.0,0.6,6a31f0637e3d96a01a90a0315acbe05ea4b35bac3c0db822dec6299d49ef7e0a,187419,1578,40.08
2026-09-27 18:25:53,LIVE_USER,NORMAL,admin,True,NONE_GRANTED,5.51,7.51,0.0,11.49,1.43,234.15,2.05,210.38,475.57,483.08,0.3251,0.0147,3.7434,3.716,0.0021,0.7421,0.2889,0.6,6395a42dc9403e404beeaa82513e5f55007fe11853db1af867c56f34c4cc320f,247515,1579,39.49
2026-09-27 18:26:00,LIVE_USER,NORMAL,admin,True,NONE_GRANTED,4.6,6.6,0.0,11.75,1.84,233.82,1.39,211.36,475.64,482.24,0.2979,0.01,3.7504,3.716,0.0021,0.7465,0.2927,0.6,54596f20a32004bf7c069b11fb5ce7b9dad77975ccddffbc60a90b2a4bbdafba,247503,1580,38.37
2026-09-27 18:26:05,LIVE_USER,NORMAL,admin,True,NONE_GRANTED,4.38,6.38,0.0,11.44,0.73,261.28,1.3,211.3,499.78,506.16,0.3014,0.0225,3.726,3.716,0.0022,0.7312,0.2727,0.6,73d5d437c54f91110febb3fd0a49ff3eaad21aaa2cd21d8a21bf9430052f93b6,247515,1581,36.62
2026-09-27 18:26:09,LIVE_USER,NORMAL,UNKNOWN,False,SPOOFING_DETECTED,4.18,6.18,0.0,12.06,0.74,0.0,0.0,209.92,237.68,243.86,0.2854,0.0335,3.7147,3.716,0.0023,0.7242,0.0,0.6,abf674822bcc3b210c0b9d40bf5f5f50ff8ef87e989921b8e3b83e2a8a8229fe,187419,1582,41.8
2026-09-27 18:26:13,LIVE_USER,NORMAL,admin,True,NONE_GRANTED,4.64,6.64,0.0,14.31,0.77,234.36,1.38,211.22,476.21,482.85,0.2756,0.0196,3.7202,3.716,0.0023,0.7276,0.2363,0.6,6c3d703fd3e9c69b3668f2691d808529e118dbb9919389ad0a38a2700bdbb404,247515,1583,35.6
2026-09-27 18:26:19,LIVE_USER,NORMAL,admin,True,NONE_GRANTED,5.22,7.22,0.0,11.81,1.37,229.12,1.97,214.22,473.94,481.16,0.2903,0.0186,3.7253,3.716,0.0022,0.7308,0.2542,0.6,c2dc7adfc2916329bfa76bb974169c409ebacbf5b2701a64fb65d43363c8ea92,247503,1584,40.62
2026-09-27 18:26:23,LIVE_USER,NORMAL,UNKNOWN,False,SPOOFING_DETECTED,4.51,6.51,0.0,14.33,1.02,0.0,0.0,211.67,240.06,246.57,0.2961,0.0346,3.6982,3.716,0.0023,0.7139,0.0,0.6,14eb413dfdfc67a897b04ce0678af7a171b7185eedaf6872185e48342246b14e,187419,1585,40.48
2026-09-27 18:26:27,LIVE_USER,NORMAL,UNKNOWN,False,SPOOFING_DETECTED,4.45,6.45,0.0,11.35,0.72,0.0,0.0,209.4,232.97,239.42,0.2866,0.0285,3.714,3.716,0.0022,0.7238,0.0,0.6,b703cb2d730ef7a003ba1041b589f2ade0bce474b8d5bf86f9c606fe764a1aa7,187419,1586,45.15
2026-09-27 18:26:32,LIVE_USER,NORMAL,admin,True,NONE_GRANTED,4.4,6.4,0.0,12.18,0.72,247.05,1.97,210.44,487.91,494.31,0.2908,0.0303,3.7178,3.716,0.0023,0.7261,0.2523,0.6,3fc82ee97794f4f187ccff57aac51dcddc4fc81fc1122636e873423380d20a3f,247515,1587,43.5
2026-09-27 18:26:36,LIVE_USER,NORMAL,UNKNOWN,False,SPOOFING_DETECTED,4.34,6.34,0.0,11.15,1.43,0.0,0.0,210.41,236.74,243.08,0.2969,0.0282,3.7098,3.716,0.0023,0.7211,0.0,0.6,7642d400a88e5f826d125b48d846eac248aef71347d9a49aa2fb47f1bbababbe,187419,1588,38.68
2026-09-27 18:26:42,LIVE_USER,NORMAL,UNKNOWN,False,SPOOFING_DETECTED,4.83,6.83,0.0,12.38,0.72,0.0,0.0,209.61,235.16,241.99,0.2854,0.0306,3.7104,3.716,0.0023,0.7215,0.0,0.6,78db95da76575e69024b09b9d7fff9b29ea6d621a07e9fe4885fae013acc9108,187419,1589,38.31
2026-09-27 18:26:49,LIVE_USER,NORMAL,admin,True,NONE_GRANTED,4.49,6.49,0.0,12.89,0.78,251.71,1.35,210.06,492.0,498.49,0.281,0.056,3.7248,3.716,0.0022,0.7305,0.2839,0.6,d1722b6d1d9db3bc3ed22a02bd2b958b066a9c9c60974dd3fdec532e4e62a522,247515,1590,40.79
2026-09-27 18:26:53,LIVE_USER,NORMAL,admin,True,NONE_GRANTED,4.32,6.32,0.0,12.06,0.74,242.19,1.9,211.04,482.8,489.12,0.3015,0.0415,3.7176,3.716,0.0023,0.726,0.3154,0.6,939de19338cf47fdeed42315ddf1e51c511ddc456df6106c870062617e26bf8e,247515,1591,37.21
2026-09-27 18:26:59,LIVE_USER,NORMAL,admin,True,NONE_GRANTED,4.5,6.5,0.0,12.86,1.92,233.1,1.52,210.59,475.39,481.89,0.3409,0.0286,3.7517,3.716,0.0021,0.7473,0.3595,0.6,b01cfb239431bf33a2feaa274717ef9aac7840b6157e1806f75b3239a87bfe44,247515,1592,39.59
2026-09-27 18:27:04,LIVE_USER,NORMAL,admin,True,NONE_GRANTED,4.91,6.91,0.0,12.01,1.46,242.84,1.48,211.56,483.86,490.77,0.305,0.019,3.7359,3.716,0.0022,0.7375,0.3024,0.6,c6ef511677aae9fa54cbe94e336b5b9c43c46fddba3d09d7b26816b6292d6429,247515,1593,35.13
2026-09-27 18:27:08,LIVE_USER,NORMAL,UNKNOWN,False,SPOOFING_DETECTED,5.47,7.47,0.0,11.28,1.41,0.0,0.0,211.2,236.9,244.37,0.2908,0.2245,3.7111,3.716,0.0023,0.722,0.0,0.6,15c53388fc0b3468af05eefc5be1311c6e2e899d4bacbaac69b11cca156f05ca,187419,1594,33.68
2026-09-27 18:27:12,LIVE_USER,NORMAL,UNKNOWN,False,SPOOFING_DETECTED,4.91,6.91,0.0,12.41,0.73,0.0,0.0,211.09,236.74,243.65,0.2885,0.0221,3.7068,3.716,0.0023,0.7192,0.0,0.6,c2e7cc46071c98e258d628f8eacce284ef37797aea6c10a20f0a56e14196ced8,187419,1595,38.28
2026-09-27 18:27:17,LIVE_USER,NORMAL,admin,True,NONE_GRANTED,4.32,6.32,0.0,14.69,0.76,256.87,1.15,211.57,503.84,510.16,0.2718,0.0727,3.7234,3.716,0.0022,0.7296,0.2397,0.6,46327105ec2b486decf97b20393683f399278da1b998977147ce2ae3ec7dca7b,247515,1596,36.49
2026-09-27 18:27:23,LIVE_USER,NORMAL,admin,True,NONE_GRANTED,4.73,6.73,0.0,12.29,0.76,244.62,1.35,210.89,485.15,491.88,0.2881,0.0384,3.7332,3.716,0.0022,0.7358,0.2441,0.6,7520c330bf6fb6881de0c6001e790b8a6bfb8cdcea4b08da7956c30df971fd1e,247515,1597,39.69
2026-09-27 18:27:29,LIVE_USER,NORMAL,admin,True,NONE_GRANTED,4.74,6.74,0.0,14.65,0.75,249.69,1.5,212.19,492.96,499.7,0.2844,0.0144,3.7357,3.716,0.0022,0.7373,0.2429,0.6,f32ba90f60f99721d21ff6f7e7d6cfe6f4eefbce8017d4dd3ddc9d16b77b3a79,247515,1598,37.64
2026-09-27 18:27:35,LIVE_USER,NORMAL,admin,True,NONE_GRANTED,6.81,8.81,0.0,12.01,1.5,238.09,1.53,210.19,479.18,487.99,0.2686,0.0164,3.7476,3.716,0.0021,0.7448,0.2668,0.6,a596b1b4d7ebe33bae9a6054f1d84a96df7b919be53a31cdf32b726c502b5b56,247515,1599,35.02
2026-09-27 18:32:25,SPOOF_SCREEN_VIDEO,NORMAL,UNKNOWN,False,SPOOFING_DETECTED,4.87,6.87,0.0,10.54,0.66,0.0,0.0,210.67,233.74,240.61,0.3089,0.1254,3.4213,3.716,0.0044,0.3658,0.0,0.6,0de7694b6864bbc3ab6a7073844cd8da497ff9b27133219ecd017d673ce26159,187419,1602,39.12
2026-09-27 18:32:30,SPOOF_SCREEN_VIDEO,NORMAL,UNKNOWN,False,SPOOFING_DETECTED,4.93,6.93,0.0,11.61,0.74,0.0,0.0,209.84,235.54,242.47,0.2754,0.0593,3.5277,3.716,0.0038,0.4323,0.0,0.6,9ff3e5877bca952f49fdd199377a1ca7cc7177b13eca7e39779bbd0c07471d90,187419,1603,34.87
2026-09-27 18:32:36,SPOOF_SCREEN_VIDEO,NORMAL,UNKNOWN,False,SPOOFING_DETECTED,6.62,8.62,0.0,11.77,0.71,0.0,0.0,209.61,235.73,244.35,0.2737,0.067,3.7431,3.716,0.0024,0.567,0.0,0.6,ad91bf4d9606d0a03e301296959c268a7157dbe88055f6a32ebf16300e905191,187419,1604,35.38
2026-09-27 18:33:13,SPOOF_SCREEN_VIDEO,NORMAL,UNKNOWN,False,SPOOFING_DETECTED,5.19,7.19,0.0,12.31,1.31,0.0,0.0,212.57,241.87,249.06,0.3406,0.0541,3.5886,3.716,0.0031,0.4704,0.0,0.6,de7750b8e13af944cc967482c91d7dd238b39e5a5689f3b85ec88c3d6a5c7c70,187419,1605,38.96
2026-09-27 18:33:18,SPOOF_SCREEN_VIDEO,NORMAL,UNKNOWN,False,SPOOFING_DETECTED,4.65,6.65,0.0,11.74,0.83,0.0,0.0,212.61,238.01,244.66,0.3279,0.0544,3.5594,3.716,0.0032,0.4522,0.0,0.6,6dfaf24b2dd33c696d7206cc8e52b2cb687496b2becdfc9deafa8f1302d32862,187419,1606,37.84
2026-09-27 18:33:28,SPOOF_SCREEN_VIDEO,NORMAL,UNKNOWN,False,SPOOFING_DETECTED,4.64,6.64,0.0,11.76,0.73,0.0,0.0,211.57,239.05,245.69,0.2692,0.0489,3.7298,3.716,0.0021,0.5586,0.0,0.6,9115e4107e30a51f13a27dd0175303e9a045441fe58fbfcde18593e35a4a3601,187419,1607,36.7
2026-09-27 18:33:33,SPOOF_SCREEN_VIDEO,NORMAL,UNKNOWN,False,SPOOFING_DETECTED,4.5,6.5,0.0,13.31,0.69,0.0,0.0,213.51,238.85,245.35,0.2479,0.1518,3.6665,3.716,0.0024,0.519,0.0,0.6,18eb240af6a3e311d03f583873d99e7a7ec79d2859a2306231ed2827b90eb696,187419,1608,39.74
2026-09-27 18:33:38,SPOOF_SCREEN_VIDEO,NORMAL,UNKNOWN,False,SPOOFING_DETECTED,5.22,7.22,0.0,12.77,0.77,0.0,0.0,209.54,234.86,242.08,0.2737,0.0494,3.6259,3.716,0.0028,0.4937,0.0,0.6,b23f4a1a2ca12d12f4a660ad21628d13d54b9e68422373c662c787f27ea975a2,187419,1609,39.58
2026-09-27 18:33:43,SPOOF_SCREEN_VIDEO,NORMAL,UNKNOWN,False,SPOOFING_DETECTED,5.26,7.26,0.0,11.28,0.66,0.0,0.0,211.45,236.34,243.6,0.284,0.1477,3.5735,3.716,0.0032,0.4609,0.0,0.6,7c13cb46198879a670261fb0f8d9cdc666c058a19daf8fece3dc42c99f4439e1,187419,1610,42.81
2026-09-27 18:33:48,SPOOF_SCREEN_VIDEO,NORMAL,UNKNOWN,False,SPOOFING_DETECTED,4.58,6.58,0.0,11.11,0.69,0.0,0.0,212.59,235.71,242.29,0.3014,0.0576,3.639,3.716,0.0027,0.5019,0.0,0.6,d51b342f27bd503f2e6cbc95c5e61b1dbecf343882c8a7aec25e5a96f364830a,187419,1611,37.59
2026-09-27 18:33:52,SPOOF_SCREEN_VIDEO,NORMAL,UNKNOWN,False,SPOOFING_DETECTED,4.84,6.84,0.0,11.3,0.69,0.0,0.0,210.01,233.68,240.52,0.2687,0.1904,3.6557,3.716,0.0026,0.5124,0.0,0.6,fd26ee47874e6de6ae84ebd25f1991de03f96f3766d78351acd6322890f18371,187419,1612,36.48
2026-09-27 18:33:56,SPOOF_SCREEN_VIDEO,NORMAL,UNKNOWN,False,SPOOFING_DETECTED,4.66,6.66,0.0,11.71,0.73,0.0,0.0,212.02,237.96,244.62,0.2663,0.0458,3.6123,3.716,0.0029,0.4852,0.0,0.6,a3ebbe7bff97bab095f84e31d3ffb053362e20acf88fc548d3d01e2ad5a494a1,187419,1613,44.72
2026-09-27 18:34:01,SPOOF_SCREEN_VIDEO,NORMAL,UNKNOWN,False,SPOOFING_DETECTED,4.81,6.81,0.0,11.19,0.7,0.0,0.0,212.27,235.94,242.75,0.3121,0.0437,3.6494,3.716,0.0027,0.5084,0.0,0.6,4eee7c3b1570ab338b0b82f988c5170d393d161a292b992ea1226017f952b286,187419,1614,39.33
2026-09-27 18:34:05,SPOOF_SCREEN_VIDEO,NORMAL,UNKNOWN,False,SPOOFING_DETECTED,4.82,6.82,0.0,10.9,0.69,0.0,0.0,211.37,236.01,242.83,0.3364,0.0539,3.6579,3.716,0.0026,0.5137,0.0,0.6,73c21e42deeb0048141fa552ed772975ef589ce7f0f11bfda0275d1c9faadd00,187419,1615,38.37
2026-09-27 18:34:10,SPOOF_SCREEN_VIDEO,NORMAL,UNKNOWN,False,SPOOFING_DETECTED,4.61,6.61,0.0,11.58,0.72,0.0,0.0,213.22,237.53,244.14,0.2818,0.0588,3.6335,3.716,0.0027,0.4984,0.0,0.6,853885ba5e65d355b2689e4d7bcc8cc989140d223baa38cc8c6b66c91d65b3d4,187419,1616,41.07
2026-09-27 18:34:14,SPOOF_SCREEN_VIDEO,NORMAL,UNKNOWN,False,SPOOFING_DETECTED,4.4,6.4,0.0,11.63,0.71,0.0,0.0,213.91,241.22,247.62,0.2707,0.2284,3.6527,3.716,0.0026,0.5105,0.0,0.6,d88f2fcf9909679022b171cab7e2a930626925d77a9c3debb8a64d4aedf01453,187419,1617,40.97
2026-09-27 18:34:19,SPOOF_SCREEN_VIDEO,NORMAL,UNKNOWN,False,SPOOFING_DETECTED,5.16,7.16,0.0,15.17,0.69,0.0,0.0,212.54,241.24,248.4,0.2768,0.0492,3.6508,3.716,0.0026,0.5092,0.0,0.6,a0b7a418f14158586aef5c4a57c22245f04957c62ebf771fe1188a52a85a2ea2,187419,1618,37.83
2026-09-27 18:34:25,SPOOF_SCREEN_VIDEO,NORMAL,UNKNOWN,False,SPOOFING_DETECTED,7.58,9.58,0.0,13.91,1.34,0.0,0.0,211.54,240.27,249.85,0.3018,0.0461,3.6235,3.716,0.0029,0.4922,0.0,0.6,157d57023b89006a3d7c6982e148bd5d18de94f672ca7e44b989b52fd3b1a108,187419,1619,41.36
2026-09-27 18:34:31,SPOOF_SCREEN_VIDEO,NORMAL,UNKNOWN,False,SPOOFING_DETECTED,4.94,6.94,0.0,12.07,0.77,0.0,0.0,215.6,241.91,248.85,0.2981,0.0439,3.5848,3.716,0.0031,0.468,0.0,0.6,72105e34d593403177008e0ba12884208b7146f828b8d341999267800c49df8b,187419,1620,46.57
2026-09-27 18:34:37,SPOOF_SCREEN_VIDEO,NORMAL,UNKNOWN,False,SPOOFING_DETECTED,4.59,6.59,0.0,11.86,0.76,0.0,0.0,213.54,239.6,246.19,0.3177,0.0435,3.65,3.716,0.0027,0.5088,0.0,0.6,266bf347483533b27b5d1b8dab48688c26fbaeaf367421104df38ca862c75055,187419,1621,33.34
2026-09-27 18:34:41,SPOOF_SCREEN_VIDEO,NORMAL,UNKNOWN,False,SPOOFING_DETECTED,6.37,8.37,0.0,12.84,0.68,0.0,0.0,211.51,236.52,244.89,0.3561,0.1696,3.6731,3.716,0.0026,0.5232,0.0,0.6,297b642716315c4994126f2ed9542dded587d91611388e309b0b666e7e3da901,187419,1622,35.77
2026-09-27 18:34:46,SPOOF_SCREEN_VIDEO,NORMAL,UNKNOWN,False,SPOOFING_DETECTED,4.35,6.35,0.0,12.25,1.18,0.0,0.0,213.47,239.03,245.38,0.3696,0.0477,3.6726,3.716,0.0025,0.5228,0.0,0.6,a60db1c2328719567909f19761da1626a2b239cba999a7648c16c95fad370ecd,187419,1623,40.77
2026-09-27 18:34:51,SPOOF_SCREEN_VIDEO,NORMAL,UNKNOWN,False,SPOOFING_DETECTED,4.47,6.47,0.0,11.82,0.7,0.0,0.0,210.47,233.9,240.37,0.275,0.0458,3.7026,3.716,0.0023,0.5416,0.0,0.6,f2b1e00ca867e384a69357cfb1a4cfad4affc01e3a6b32d3dd03b3d969e93e46,187419,1624,35.59
2026-09-27 18:34:55,SPOOF_SCREEN_VIDEO,NORMAL,UNKNOWN,False,SPOOFING_DETECTED,4.58,6.58,0.0,12.86,0.85,0.0,0.0,212.88,240.27,246.85,0.2561,0.0579,3.746,3.716,0.0021,0.5688,0.0,0.6,23a9d5a5f84a4c62f4ce4d70f98614ac74118b9cd7fc0255a2aff449b5ee8b14,187419,1625,37.67
2026-09-27 18:35:00,SPOOF_SCREEN_VIDEO,NORMAL,UNKNOWN,False,SPOOFING_DETECTED,4.97,6.97,0.0,11.84,0.63,0.0,0.0,213.84,240.83,247.8,0.2741,0.0409,3.7207,3.716,0.0021,0.553,0.0,0.6,77627aeca508d09e067e0db0667eadbe34b4b21b71d07be41ef0e33eb6ed316e,187419,1626,39.74
2026-09-27 18:35:04,SPOOF_SCREEN_VIDEO,NORMAL,UNKNOWN,False,SPOOFING_DETECTED,4.73,6.73,0.0,11.68,0.97,0.0,0.0,212.66,237.11,243.84,0.3285,0.0459,3.7324,3.716,0.002,0.5602,0.0,0.6,63df9ac7c60e1cf3686e427b25e158dad0366b4187a990f1e539af993a8de398,187419,1627,51.43
2026-09-27 18:35:08,SPOOF_SCREEN_VIDEO,NORMAL,UNKNOWN,False,SPOOFING_DETECTED,5.46,7.46,0.0,12.83,0.66,0.0,0.0,212.38,237.17,244.63,0.2706,0.0435,3.7232,3.716,0.0022,0.5545,0.0,0.6,ba1715cd093d1e67699782a62bf99ca1f809cc448ee77ab1b360d06d590e6821,187419,1628,39.28
2026-09-27 18:35:13,SPOOF_SCREEN_VIDEO,NORMAL,UNKNOWN,False,SPOOFING_DETECTED,4.54,6.54,0.0,11.62,0.66,0.0,0.0,210.81,234.09,240.63,0.2621,0.0444,3.7419,3.716,0.0022,0.5662,0.0,0.6,4eecfb080ac2f8fb42289b95183a1519225b9343b869ab4a6511431ddddbfe68,187419,1629,35.79
2026-09-27 18:35:18,SPOOF_SCREEN_VIDEO,NORMAL,UNKNOWN,False,SPOOFING_DETECTED,4.94,6.94,0.0,11.82,0.84,0.0,0.0,212.93,237.27,244.21,0.2808,0.0458,3.7274,3.716,0.0022,0.5572,0.0,0.6,72322f4fd242f02f81b67d754a6a63defe4ceddcc11a633997c413fe26bd93b3,187419,1630,37.33
2026-09-27 18:35:22,SPOOF_SCREEN_VIDEO,NORMAL,UNKNOWN,False,SPOOFING_DETECTED,5.63,7.63,0.0,12.26,0.67,0.0,0.0,212.14,236.22,243.85,0.2804,0.2063,3.7017,3.716,0.0022,0.541,0.0,0.6,5f66d784b6081df4c32303a7a7208005cacf1046acee139cad1e2302ef0a9c30,187419,1631,36.09
2026-09-27 18:35:27,SPOOF_SCREEN_VIDEO,NORMAL,UNKNOWN,False,SPOOFING_DETECTED,4.4,6.4,0.0,11.15,0.89,0.0,0.0,212.63,235.98,242.38,0.3345,0.0423,3.7446,3.716,0.0022,0.5678,0.0,0.6,32e36f77f2966dc5d3c60098ad98855adb085edbac215029395b48f5d1270295,187419,1632,43.18
2026-09-27 18:35:32,SPOOF_SCREEN_VIDEO,NORMAL,UNKNOWN,False,SPOOFING_DETECTED,4.83,6.83,0.0,16.02,0.65,0.0,0.0,211.93,239.35,246.18,0.2795,0.0489,3.7431,3.716,0.0022,0.567,0.0,0.6,3b9c9568ef7111a9ac306080fdc445e6914b6aa19dab7fc54e3310e566ba9bce,187419,1633,37.88
2026-09-27 18:35:36,SPOOF_SCREEN_VIDEO,NORMAL,UNKNOWN,False,SPOOFING_DETECTED,4.49,6.49,0.0,11.31,0.67,0.0,0.0,215.66,239.23,245.72,0.2557,0.044,3.7672,3.716,0.002,0.582,0.0,0.6,dbd5e6207663573dd79fbf1a57e56a9891dc9b6ef01f7c98b48d27fad9f75243,187419,1634,34.87
2026-09-27 18:35:40,SPOOF_SCREEN_VIDEO,NORMAL,UNKNOWN,False,SPOOFING_DETECTED,6.46,8.46,0.0,11.45,0.75,0.0,0.0,211.37,237.0,245.46,0.2781,0.1768,3.7348,3.716,0.002,0.5618,0.0,0.6,f25b3924abf57695e68949148b060b9e049c8ac624862dc4ed77b8011b0cc794,187419,1635,38.49
2026-09-27 18:35:56,SPOOF_SCREEN_VIDEO,NORMAL,UNKNOWN,False,SPOOFING_DETECTED,6.61,8.61,0.0,11.52,0.74,0.0,0.0,210.62,235.05,243.66,0.2795,0.2357,3.5559,3.716,0.0033,0.45,0.0,0.6,45ff22ea386380d1e7b273975ced490d7d746a5465cdaa29611396f1b9a7a614,187419,1636,39.57
2026-09-27 18:36:00,SPOOF_SCREEN_VIDEO,NORMAL,UNKNOWN,False,SPOOFING_DETECTED,4.5,6.5,0.0,12.5,0.61,0.0,0.0,209.79,235.2,241.7,0.2627,0.0395,3.6689,3.716,0.0024,0.5206,0.0,0.6,730e8d80f28d48f7577462d3e5e5be74b8947abf42fe6a14bf79c59ca032e499,187419,1637,37.0
2026-09-27 18:36:05,SPOOF_SCREEN_VIDEO,NORMAL,UNKNOWN,False,SPOOFING_DETECTED,4.79,6.79,0.0,12.33,0.61,0.0,0.0,211.21,237.62,244.41,0.277,0.0546,3.6558,3.716,0.0025,0.5124,0.0,0.6,e0996cff04cbdf22053f4e16602474a0e06c3cdb58091169fc6f71c4436dc017,187419,1638,33.72
2026-09-27 18:36:09,SPOOF_SCREEN_VIDEO,NORMAL,UNKNOWN,False,SPOOFING_DETECTED,5.68,7.68,0.0,11.46,0.64,0.0,0.0,210.04,236.75,244.43,0.3196,0.2291,3.6678,3.716,0.0024,0.5199,0.0,0.6,cfce010fc4e034bc2a7477094a5905d577cf5184adeb582cd3266f7f453a2952,187419,1639,34.92
2026-09-27 18:36:13,SPOOF_SCREEN_VIDEO,NORMAL,UNKNOWN,False,SPOOFING_DETECTED,4.6,6.6,0.0,11.99,0.61,0.0,0.0,223.72,246.65,253.25,0.2655,0.0509,3.6745,3.716,0.0024,0.524,0.0,0.6,fe9a8e1b324f396d4cc1d5614dfc99d6774b60e144240eb3211382331f624caf,187419,1640,38.19
2026-09-27 18:36:18,SPOOF_SCREEN_VIDEO,NORMAL,UNKNOWN,False,SPOOFING_DETECTED,4.47,6.47,0.0,10.76,0.61,0.0,0.0,210.38,233.63,240.1,0.2461,0.0369,3.6597,3.716,0.0024,0.5148,0.0,0.6,eacefe57918163f469cfa816623f25597b8b669390a4fb3cb7278542e32bb02c,187419,1641,38.13
2026-09-27 18:36:23,SPOOF_SCREEN_VIDEO,NORMAL,UNKNOWN,False,SPOOFING_DETECTED,4.47,6.47,0.0,10.71,0.65,0.0,0.0,210.0,232.03,238.5,0.2785,0.0466,3.5815,3.716,0.0031,0.466,0.0,0.6,57d13fa96fa90a6ce1b0735a2a0cbe2a34affded07a07f8e5fcbd6a3b68a6cc5,187419,1642,38.53
2026-09-27 18:36:27,SPOOF_SCREEN_VIDEO,NORMAL,UNKNOWN,False,SPOOFING_DETECTED,4.93,6.93,0.0,12.15,0.61,0.0,0.0,222.97,246.62,253.55,0.261,0.1943,3.5544,3.716,0.0033,0.449,0.0,0.6,7926372885eff97e4195e2851a0e3018111d3edf6b809dbd014997e597935bbd,187419,1643,35.99
2026-09-27 18:36:32,SPOOF_SCREEN_VIDEO,NORMAL,UNKNOWN,False,SPOOFING_DETECTED,5.37,7.37,0.0,12.52,0.65,0.0,0.0,210.54,234.4,241.77,0.3177,0.0473,3.6177,3.716,0.0029,0.4886,0.0,0.6,eaef73f6d173398bf7d109cf305b08921c06674b6f8bf8e67d3762f813132224,187419,1644,34.97
2026-09-27 18:36:36,SPOOF_SCREEN_VIDEO,NORMAL,UNKNOWN,False,SPOOFING_DETECTED,5.34,7.34,0.0,11.16,0.65,0.0,0.0,210.38,232.62,239.96,0.2691,0.0519,3.4969,3.716,0.0039,0.4131,0.0,0.6,e4c55cb3eca99f34b153515997181d1ec55957c35682548c55a0a46018a9b41c,187419,1645,39.12
2026-09-27 18:36:41,SPOOF_SCREEN_VIDEO,NORMAL,UNKNOWN,False,SPOOFING_DETECTED,4.61,6.61,0.0,11.76,0.63,0.0,0.0,211.39,234.89,241.5,0.2608,0.0432,3.5665,3.716,0.0032,0.4566,0.0,0.6,7611e32d4c81e3472083751fef6d0e6f64540af5328b1c79e2598e08b06d2146,187419,1646,47.55
2026-09-27 18:36:46,SPOOF_SCREEN_VIDEO,NORMAL,UNKNOWN,False,SPOOFING_DETECTED,4.84,6.84,0.0,13.03,0.63,0.0,0.0,211.2,237.89,244.73,0.273,0.0488,3.6059,3.716,0.003,0.4812,0.0,0.6,0f46596b1f33b4467a4f17b308fca4d01aa79e9297c861d17f2f509ffd4f5fb8,187419,1647,38.81
2026-09-27 18:36:50,SPOOF_SCREEN_VIDEO,NORMAL,UNKNOWN,False,SPOOFING_DETECTED,5.97,7.97,0.0,11.28,0.64,0.0,0.0,212.56,238.2,246.17,0.3052,0.2334,3.6437,3.716,0.0027,0.5048,0.0,0.6,0e0e16efcc0b5678d6532c3b90dd09ab6c883ef919914ccd8039ac4964f5259a,187419,1648,34.05
2026-09-27 18:36:54,SPOOF_SCREEN_VIDEO,NORMAL,UNKNOWN,False,SPOOFING_DETECTED,4.71,6.71,0.0,12.26,0.64,0.0,0.0,210.05,233.74,240.45,0.2691,0.0524,3.555,3.716,0.0034,0.4494,0.0,0.6,7e65e8cd31f2201b084481a58f9b3186f4bfeed13985336752eaff1cc925f83d,187419,1649,33.34
2026-09-27 18:36:58,SPOOF_SCREEN_VIDEO,NORMAL,UNKNOWN,False,SPOOFING_DETECTED,4.37,6.37,0.0,11.43,0.61,0.0,0.0,211.77,234.3,240.67,0.2562,0.0486,3.5998,3.716,0.003,0.4774,0.0,0.6,1772c41d5f79f37b8659db8bf41c0c7068cd608518c023f8509ed14b33c2e964,187419,1650,36.18
2026-09-27 18:37:03,SPOOF_SCREEN_VIDEO,NORMAL,UNKNOWN,False,SPOOFING_DETECTED,4.71,6.71,0.0,12.02,0.61,0.0,0.0,210.6,235.6,242.31,0.2702,0.056,3.5847,3.716,0.0031,0.468,0.0,0.6,5814477359d09141feece1996475da5a3c879065cc7c4453e63730a4418ddb8e,187419,1651,36.54
2026-09-27 18:37:08,SPOOF_SCREEN_VIDEO,NORMAL,UNKNOWN,False,SPOOFING_DETECTED,4.54,6.54,0.0,12.11,0.63,0.0,0.0,210.68,233.96,240.5,0.2675,0.2268,3.3858,3.716,0.0051,0.3436,0.0,0.6,2605a5688b0e6c5878359bbcacd9126d6a88a4ab4fdf6cd8f4a1dda3d58986c2,187419,1652,37.0
2026-09-27 18:37:14,SPOOF_SCREEN_VIDEO,NORMAL,UNKNOWN,False,SPOOFING_DETECTED,4.5,6.5,0.0,11.25,0.64,0.0,0.0,210.63,233.19,239.69,0.316,0.045,3.5642,3.716,0.0033,0.4552,0.0,0.6,47c55926bc60d98221827340a9a02deae3c9c8f204388cdb994b86f799118c33,187419,1653,36.18
2026-09-27 18:37:19,SPOOF_SCREEN_VIDEO,NORMAL,UNKNOWN,False,SPOOFING_DETECTED,4.65,6.65,0.0,12.39,0.6,0.0,0.0,211.58,235.25,241.9,0.3182,0.0498,3.4918,3.716,0.0039,0.4099,0.0,0.6,c283948f54411f6297494f3c607f0d3c3d6495ddab6d1d47004fa4273153ca88,187419,1654,37.48
2026-09-27 18:37:23,SPOOF_SCREEN_VIDEO,NORMAL,UNKNOWN,False,SPOOFING_DETECTED,5.8,7.8,0.0,12.55,0.6,0.0,0.0,210.45,236.01,243.81,0.2663,0.0552,3.5187,3.716,0.0037,0.4267,0.0,0.6,10ed78360fbe19631bd01fda86aecbb77d9cc2edc9599edd794cad7f45961e1a,187419,1655,39.23
2026-09-27 18:37:28,SPOOF_SCREEN_VIDEO,NORMAL,UNKNOWN,False,SPOOFING_DETECTED,5.02,7.02,0.0,13.7,0.61,0.0,0.0,213.15,238.88,245.9,0.2758,0.0603,3.3072,3.716,0.005,0.3,0.0,0.6,39b3f7f844b79686a606ac707041a8fcf03a9a15e4d5c04c790aa96f48896a9c,187419,1656,37.08
2026-09-27 18:37:32,SPOOF_SCREEN_VIDEO,NORMAL,UNKNOWN,False,SPOOFING_DETECTED,4.9,6.9,0.0,11.27,0.65,0.0,0.0,213.37,238.52,245.42,0.2622,0.1745,3.6337,3.716,0.0026,0.4986,0.0,0.6,38146d43654f4a1219090d0eade50529b2226246f97421c427baf617b81baccf,187419,1657,39.35
2026-09-27 18:37:37,SPOOF_SCREEN_VIDEO,NORMAL,UNKNOWN,False,SPOOFING_DETECTED,5.61,7.61,0.0,11.37,0.83,0.0,0.0,213.93,239.82,247.43,0.3172,0.0457,3.6964,3.716,0.0022,0.5377,0.0,0.6,f4b713098a4c9dba702f8ec56dbd15461ec79adc568000cfb7fe8fd3c6630958,187419,1658,35.26
2026-09-27 18:37:42,SPOOF_SCREEN_VIDEO,NORMAL,UNKNOWN,False,SPOOFING_DETECTED,5.57,7.57,0.0,12.84,0.92,0.0,0.0,211.47,237.34,244.91,0.26,0.0444,3.7035,3.716,0.0023,0.5422,0.0,0.6,026bcf580a84d336c73e967cd7d12bdfd4b32ace3550d39b62434e1397a7d722,187419,1659,34.74
2026-09-27 18:37:46,SPOOF_SCREEN_VIDEO,NORMAL,UNKNOWN,False,SPOOFING_DETECTED,5.34,7.34,0.0,12.19,0.66,0.0,0.0,209.47,234.69,242.03,0.2586,0.0916,3.7124,3.716,0.0022,0.5478,0.0,0.6,82bf2dc92413c7411fe7ba7d48ba62a9804a6fc772416f84a0854fdf7823a0a8,187419,1660,36.31
2026-09-27 18:37:51,SPOOF_SCREEN_VIDEO,NORMAL,UNKNOWN,False,SPOOFING_DETECTED,5.01,7.01,0.0,10.89,0.84,0.0,0.0,214.42,238.82,245.83,0.2767,0.039,3.7261,3.716,0.0021,0.5563,0.0,0.6,a34be2f6998ec8d1e09de13768007185b71486a49faf9790f3bc12b209627d19,187419,1661,35.32
2026-09-27 18:37:56,SPOOF_SCREEN_VIDEO,NORMAL,UNKNOWN,False,SPOOFING_DETECTED,4.76,6.76,0.0,11.5,0.69,0.0,0.0,213.5,238.28,245.04,0.2644,0.1941,3.7102,3.716,0.0022,0.5464,0.0,0.6,4874872f204b97a96fdc84527ee9b55d5afd3135bb8de015d7299ac1104df225,187419,1662,41.0
2026-09-27 18:38:01,SPOOF_SCREEN_VIDEO,NORMAL,UNKNOWN,False,SPOOFING_DETECTED,4.41,6.41,0.0,11.36,0.69,0.0,0.0,210.67,233.83,240.24,0.3273,0.0511,3.6828,3.716,0.0023,0.5292,0.0,0.6,6050771f4e969b84960c08fcdab3b6abb18dd1b71571fe6e6676facc3d464e8a,187419,1663,35.15
2026-09-27 18:38:05,SPOOF_SCREEN_VIDEO,NORMAL,UNKNOWN,False,SPOOFING_DETECTED,5.12,7.12,0.0,11.66,0.65,0.0,0.0,211.86,235.25,242.37,0.2741,0.0454,3.7179,3.716,0.0021,0.5512,0.0,0.6,cfe6052eb1f454f7496f2db0e602d2b13d5dc1331a11063e9c350d53db8a8f5e,187419,1664,37.65
2026-09-27 18:38:09,SPOOF_SCREEN_VIDEO,NORMAL,UNKNOWN,False,SPOOFING_DETECTED,4.98,6.98,0.0,12.81,0.62,0.0,0.0,212.74,239.04,246.02,0.2447,0.0397,3.7188,3.716,0.0022,0.5518,0.0,0.6,80dd81b6911e92889d099064b02ffb62f956ef4531f294f03409be88bccb9156,187419,1665,35.22
2026-09-27 18:38:14,SPOOF_SCREEN_VIDEO,NORMAL,UNKNOWN,False,SPOOFING_DETECTED,4.65,6.65,0.0,10.9,0.62,0.0,0.0,213.66,239.18,245.83,0.2873,0.2203,3.7043,3.716,0.0022,0.5427,0.0,0.6,e83df62c58837cccc23f7348287c3afc942c66b96c7c7d569e27ba8de34a4e98,187419,1666,35.04
2026-09-27 18:38:18,SPOOF_SCREEN_VIDEO,NORMAL,UNKNOWN,False,SPOOFING_DETECTED,5.95,7.95,0.0,12.1,0.73,0.0,0.0,211.89,237.62,245.57,0.3402,0.0464,3.7644,3.716,0.002,0.5802,0.0,0.6,687d27d2b331e58e530482d2169a1ec8e19e70d929bebdad7f27b1eee9f7dca8,187419,1667,36.41
2026-09-27 18:38:23,SPOOF_SCREEN_VIDEO,NORMAL,UNKNOWN,False,SPOOFING_DETECTED,4.94,6.94,0.0,12.07,0.71,0.0,0.0,212.05,237.36,244.3,0.2722,0.0373,3.6894,3.716,0.0023,0.5334,0.0,0.6,142118b38bf172b406e001573ee9907e6c66bb8b5d728920054a31a7476b0c89,187419,1668,59.12
2026-09-27 18:38:28,SPOOF_SCREEN_VIDEO,NORMAL,UNKNOWN,False,SPOOFING_DETECTED,4.43,6.43,0.0,11.32,0.72,0.0,0.0,209.82,233.74,240.17,0.2561,0.042,3.6839,3.716,0.0023,0.5299,0.0,0.6,0277adcd2ac9569ea74d6428d7fe222be47ac2d8925d48447d1e57366ece3462,187419,1669,36.43
2026-09-27 18:38:32,SPOOF_SCREEN_VIDEO,NORMAL,UNKNOWN,False,SPOOFING_DETECTED,4.5,6.5,0.0,12.31,0.77,0.0,0.0,209.15,233.92,240.42,0.2753,0.1326,3.6756,3.716,0.0023,0.5248,0.0,0.6,48a16ee358697af721be8958401e1e19fc302f5ad28507566f04529902b9dd50,187419,1670,39.37
2026-09-27 18:38:38,SPOOF_SCREEN_VIDEO,NORMAL,UNKNOWN,False,SPOOFING_DETECTED,4.73,6.73,0.0,12.13,0.72,0.0,0.0,210.11,234.72,241.45,0.2822,0.0405,3.6877,3.716,0.0023,0.5323,0.0,0.6,1617a2bfd8aaeb428a0900c3cd829a1f168e625b5900364d7021500b173ca83d,187419,1671,33.14
2026-09-27 18:38:42,SPOOF_SCREEN_VIDEO,NORMAL,UNKNOWN,False,SPOOFING_DETECTED,4.37,6.37,0.0,12.91,0.78,0.0,0.0,210.39,236.29,242.66,0.3071,0.203,3.6614,3.716,0.0024,0.5158,0.0,0.6,63922a2e9da3d13669a86cf8cacc4968efd68f5ff22bf5999e9477c551e62ee0,187419,1672,36.24
2026-09-27 18:38:46,SPOOF_SCREEN_VIDEO,NORMAL,UNKNOWN,False,SPOOFING_DETECTED,4.41,6.41,0.0,12.2,0.7,0.0,0.0,209.31,233.54,239.95,0.2763,0.0894,3.6852,3.716,0.0023,0.5308,0.0,0.6,a37c76ee50b31edae1a7cfb57feb84fac961c79b14178f4cbb1af2ccccba7542,187419,1673,36.36
2026-09-27 18:38:50,SPOOF_SCREEN_VIDEO,NORMAL,UNKNOWN,False,SPOOFING_DETECTED,4.53,6.53,0.0,12.36,1.47,0.0,0.0,209.72,235.43,241.96,0.2576,0.2054,3.7234,3.716,0.0021,0.5546,0.0,0.6,76ef11f5d693324fb7bbe1c08d81bb51a850550edad7995fb17d1d208f4d8703,187419,1674,36.4
2026-09-27 18:38:55,SPOOF_SCREEN_VIDEO,NORMAL,UNKNOWN,False,SPOOFING_DETECTED,4.47,6.47,0.0,15.76,0.76,0.0,0.0,211.14,239.84,246.31,0.2738,0.0512,3.6865,3.716,0.0023,0.5316,0.0,0.6,b0f7e2b4bcfb4190e00f753a3a11a390bdf592f3a3c5c4a8bcfd1661a9e37e13,187419,1675,33.2
2026-09-27 18:39:01,SPOOF_SCREEN_VIDEO,NORMAL,UNKNOWN,False,SPOOFING_DETECTED,4.57,6.57,0.0,12.32,0.69,0.0,0.0,209.89,235.2,241.77,0.2718,0.0471,3.6966,3.716,0.0022,0.5378,0.0,0.6,9a9deb8196b088fc96bb41a8a05af5a5ed0cdef990daa2541b5ce940dce25b05,187419,1676,38.29
2026-09-27 18:39:05,SPOOF_SCREEN_VIDEO,NORMAL,UNKNOWN,False,SPOOFING_DETECTED,4.61,6.61,0.0,12.1,0.73,0.0,0.0,212.0,238.72,245.33,0.3036,0.2118,3.7395,3.716,0.0021,0.5646,0.0,0.6,01b2c8ee18895d900a04566e3d0521b6c3f5a6c0a52193629728245514320902,187419,1677,38.17
2026-09-27 18:39:10,SPOOF_SCREEN_VIDEO,NORMAL,UNKNOWN,False,SPOOFING_DETECTED,6.48,8.48,0.0,11.75,0.76,0.0,0.0,212.64,241.17,249.65,0.3018,0.2344,3.6867,3.716,0.0023,0.5316,0.0,0.6,567b1c3faeaf1244a883c7bba8fd28b74e5bafaac46b009af44eead35f413baa,187419,1678,38.0
2026-09-27 18:39:15,SPOOF_SCREEN_VIDEO,NORMAL,UNKNOWN,False,SPOOFING_DETECTED,4.58,6.58,0.0,12.59,0.7,0.0,0.0,211.59,236.71,243.29,0.2536,0.0419,3.7422,3.716,0.0021,0.5664,0.0,0.6,33d41a05b0420ec4fb09827fe8ecd50fdee2346f3d59ec4655393142334ee8c3,187419,1679,48.75
2026-09-27 18:39:22,SPOOF_SCREEN_VIDEO,NORMAL,UNKNOWN,False,SPOOFING_DETECTED,4.64,6.64,0.0,11.39,0.72,0.0,0.0,213.35,238.27,244.91,0.3041,0.2315,3.6383,3.716,0.0028,0.5014,0.0,0.6,614e78e217a67bcb5fe418df0132edfa9e3629b492924962bec304230d0de8e9,187419,1680,35.4
2026-09-27 18:39:26,SPOOF_SCREEN_VIDEO,NORMAL,UNKNOWN,False,SPOOFING_DETECTED,4.82,6.82,0.0,13.31,0.68,0.0,0.0,211.14,236.7,243.52,0.264,0.1376,3.3707,3.716,0.0053,0.3342,0.0,0.6,e743eacd9c9c26d4d0de79211e0181fa4b4d624bf894cb3dd53f6243c71887c2,187419,1681,40.66
2026-09-27 18:39:30,SPOOF_SCREEN_VIDEO,NORMAL,UNKNOWN,False,SPOOFING_DETECTED,4.51,6.51,0.0,12.03,0.7,0.0,0.0,212.25,236.57,243.08,0.2738,0.2024,3.43,3.716,0.0046,0.3712,0.0,0.6,f6025f4147bf0737162f4f0503f06b215ea2386e7a3ca5d6731901fdd3eda6af,187419,1682,39.28
2026-09-27 18:39:35,SPOOF_SCREEN_VIDEO,NORMAL,UNKNOWN,False,SPOOFING_DETECTED,4.97,6.97,0.0,11.4,0.86,0.0,0.0,213.07,237.22,244.19,0.3235,0.0519,3.5668,3.716,0.0032,0.4568,0.0,0.6,78cb98547fd14d8be8a602b4e2e895ae2b49b3166f297aa71b96bb27a2cf8136,187419,1683,34.3
2026-09-27 18:39:41,SPOOF_SCREEN_VIDEO,NORMAL,UNKNOWN,False,SPOOFING_DETECTED,4.91,6.91,0.0,12.88,0.77,0.0,0.0,210.96,236.99,243.9,0.3414,0.0509,3.6387,3.716,0.0025,0.5016,0.0,0.6,a6755553d4c6ebd3db4d23c4789c472065068341bcf2707a16e422e45f68de2e,187419,1684,38.32
2026-09-27 18:39:45,SPOOF_SCREEN_VIDEO,NORMAL,UNKNOWN,False,SPOOFING_DETECTED,6.34,8.34,0.0,11.67,0.88,0.0,0.0,217.4,242.11,250.45,0.2877,0.0513,3.6836,3.716,0.0023,0.5297,0.0,0.6,179145d4fcb359abdd9b48da5afcb58a66d1a7976b3d3474927e2f7095ca896d,187419,1685,33.24
2026-09-27 18:39:49,SPOOF_SCREEN_VIDEO,NORMAL,UNKNOWN,False,SPOOFING_DETECTED,4.78,6.78,0.0,11.43,0.68,0.0,0.0,210.53,234.32,241.1,0.2802,0.0428,3.6496,3.716,0.0025,0.5085,0.0,0.6,4d548d1d4da89fa89150e2b74d4f882b3110e23a5bd4ba5757edf1db30047d0a,187419,1686,37.15
2026-09-27 18:39:53,SPOOF_SCREEN_VIDEO,NORMAL,UNKNOWN,False,SPOOFING_DETECTED,4.45,6.45,0.0,12.13,0.7,0.0,0.0,210.69,234.93,241.38,0.277,0.1916,3.6534,3.716,0.0024,0.5109,0.0,0.6,04ca8a10b9b89e523f5cca16efd7f00010463e34afe97446e150b8bf5535da05,187419,1687,41.89
2026-09-27 18:39:58,SPOOF_SCREEN_VIDEO,NORMAL,UNKNOWN,False,SPOOFING_DETECTED,5.97,7.97,0.0,13.36,0.7,0.0,0.0,213.37,240.33,248.3,0.3264,0.0484,3.6604,3.716,0.0024,0.5152,0.0,0.6,49e85dd5274615f4170c37db26d6fcc802a8ffd16664394c18290a1b7e19e923,187419,1688,37.65
2026-09-27 18:40:04,SPOOF_SCREEN_VIDEO,NORMAL,UNKNOWN,False,SPOOFING_DETECTED,6.08,8.08,0.0,12.77,0.74,0.0,0.0,213.76,239.52,247.6,0.3421,0.0463,3.5796,3.716,0.0029,0.4648,0.0,0.6,e62ce5da64203e9d278bbfbc4d69b931c9a68790a830c4823b0b0d8fb53bbc12,187419,1689,40.36
2026-09-27 18:40:08,SPOOF_SCREEN_VIDEO,NORMAL,UNKNOWN,False,SPOOFING_DETECTED,5.28,7.28,0.0,12.58,1.18,0.0,0.0,211.57,237.54,244.82,0.2916,0.0571,3.5979,3.716,0.0028,0.4762,0.0,0.6,6a7687dcd0148f59a83a8bcc2c4830f27db4eceac0880612ffacaf08f7fa33d8,187419,1690,33.9
2026-09-27 18:40:12,SPOOF_SCREEN_VIDEO,NORMAL,UNKNOWN,False,SPOOFING_DETECTED,5.4,7.4,0.0,11.55,0.73,0.0,0.0,211.23,237.34,244.74,0.2802,0.2251,3.6428,3.716,0.0025,0.5042,0.0,0.6,1430d0f0ba7c0d6d0b3fffe159dc432d2ed876eeeba4af2a588867880bf1081d,187419,1691,35.52
2026-09-27 18:40:18,SPOOF_SCREEN_VIDEO,NORMAL,UNKNOWN,False,SPOOFING_DETECTED,5.39,7.39,0.0,11.69,0.72,0.0,0.0,210.95,234.68,242.07,0.2926,0.0404,3.6433,3.716,0.0025,0.5046,0.0,0.6,c54880423dbae79871d0e689d4fad3a0a46a931dd1c50a9a18eff046623ba814,187419,1692,37.48
2026-09-27 18:40:23,SPOOF_SCREEN_VIDEO,NORMAL,UNKNOWN,False,SPOOFING_DETECTED,4.49,6.49,0.0,13.12,0.73,0.0,0.0,214.09,242.49,248.98,0.2951,0.0524,3.6909,3.716,0.0023,0.5343,0.0,0.6,a51112cdefc6ebf28e152874bcf3170295c8883bdecaf33cd59b5965f4859f03,187419,1693,31.94
2026-09-27 18:40:29,SPOOF_SCREEN_VIDEO,NORMAL,UNKNOWN,False,SPOOFING_DETECTED,4.5,6.5,0.0,11.99,0.69,0.0,0.0,211.35,236.0,242.5,0.3167,0.043,3.6233,3.716,0.0027,0.4921,0.0,0.6,8f3a13dc448b7cf63e9f161785196ae4c0cd91ed16d914c6f030e72ea20f1817,187419,1694,32.71
2026-09-27 18:40:34,SPOOF_SCREEN_VIDEO,NORMAL,UNKNOWN,False,SPOOFING_DETECTED,4.46,6.46,0.0,11.55,0.72,0.0,0.0,211.52,235.48,241.94,0.2836,0.214,3.5326,3.716,0.0035,0.4354,0.0,0.6,0b54272d4adc64fa12682f3088836c8494c638b0c5ad80b3b80c003c8031af98,187419,1695,41.81
2026-09-27 18:40:39,SPOOF_SCREEN_VIDEO,NORMAL,UNKNOWN,False,SPOOFING_DETECTED,4.84,6.84,0.0,11.82,0.87,0.0,0.0,211.09,234.86,241.7,0.3262,0.0576,3.675,3.716,0.0024,0.5244,0.0,0.6,9060552f1ac846e97774c54f22cf0869bdd8bd05747078ef4034d5906590c02b,187419,1696,32.62
2026-09-27 18:40:44,SPOOF_SCREEN_VIDEO,NORMAL,UNKNOWN,False,SPOOFING_DETECTED,4.66,6.66,0.0,11.54,0.64,0.0,0.0,211.08,234.63,241.29,0.2852,0.0512,3.5935,3.716,0.0032,0.4734,0.0,0.6,5674871a13341e22bafc8dc917b6135a1150b46d95acf2244c54faa3a8f95f09,187419,1697,36.6
2026-09-27 18:41:00,SPOOF_SCREEN_VIDEO,NORMAL,UNKNOWN,False,SPOOFING_DETECTED,6.34,8.34,0.0,12.16,0.71,0.0,0.0,209.88,234.01,242.35,0.2548,0.1932,3.529,3.716,0.0036,0.4332,0.0,0.6,1076459073debe6b5b96e710b09b5d4f627b0dad951a68c883d7c624c703f34a,187419,1698,35.6
2026-09-27 18:41:35,SPOOF_PHOTO_PRINT,NORMAL,UNKNOWN,False,SPOOFING_DETECTED,4.47,6.47,0.0,13.58,0.75,0.0,0.0,210.8,236.97,243.44,0.3126,0.1712,3.8155,3.716,0.0019,0.6122,0.0,0.6,54a39c191a203b42fc86f9b2c708a8772d2a3987fb303cc535a9bbea4beecb34,187419,1699,36.95
2026-09-27 18:41:45,SPOOF_PHOTO_PRINT,NORMAL,UNKNOWN,False,SPOOFING_DETECTED,2.5,4.5,0.0,11.77,0.71,0.0,0.0,209.77,235.45,239.95,0.2598,0.1712,3.7633,3.716,0.0025,0.5796,0.0,0.6,093291f36722f23048a2c265ea3c7427685867f1152ec223d5fa54f9fa936fb4,187419,1700,36.69
2026-09-27 18:41:48,SPOOF_PHOTO_PRINT,NORMAL,UNKNOWN,False,SPOOFING_DETECTED,2.5,4.5,0.0,13.48,0.76,0.0,0.0,210.78,237.46,241.96,0.2861,0.1712,3.7719,3.716,0.0026,0.585,0.0,0.6,b9d666aa25d4d1464bea99455386454820a47a70e6d8d2b7af8a305767910855,187419,1701,35.52
2026-09-27 18:41:49,SPOOF_PHOTO_PRINT,NORMAL,UNKNOWN,False,SPOOFING_DETECTED,2.5,4.5,0.0,14.01,0.75,0.0,0.0,212.06,244.85,249.35,0.2803,0.1712,3.7776,3.716,0.0026,0.5885,0.0,0.6,06149a8b8f6cbde546d079de2f728237625210c81f40c7d55f3fd459805165a2,187419,1702,32.49
2026-09-27 18:42:04,SPOOF_PHOTO_PRINT,NORMAL,UNKNOWN,False,SPOOFING_DETECTED,4.34,6.34,0.0,11.94,1.0,0.0,0.0,209.85,234.58,240.92,0.2753,0.1914,3.8251,3.716,0.0017,0.6182,0.0,0.6,bad9de99bf74050403e13bf4369b682cf481cade685fe672c66e1406fca6a2dc,187419,1703,39.32
2026-09-27 18:42:14,SPOOF_PHOTO_PRINT,NORMAL,UNKNOWN,False,SPOOFING_DETECTED,4.35,6.35,0.0,12.88,0.77,0.0,0.0,209.61,235.68,242.03,0.2698,0.1705,3.8164,3.716,0.0017,0.6127,0.0,0.6,ecfc8a31149e6abfc4f25b89d02be99732fa3a6e1e37cde86626ae55d619e015,187419,1704,39.31
2026-09-27 18:42:15,SPOOF_PHOTO_PRINT,NORMAL,UNKNOWN,False,SPOOFING_DETECTED,2.5,4.5,0.0,13.51,1.22,0.0,0.0,211.89,240.7,245.2,0.286,0.1705,3.8018,3.716,0.0019,0.6036,0.0,0.6,a3bf412ec9db330d72934b5596994be88efc44e9f84c3353b698887c361fa403,187419,1705,51.3
2026-09-27 18:42:16,SPOOF_PHOTO_PRINT,NORMAL,UNKNOWN,False,SPOOFING_DETECTED,2.5,4.5,0.0,13.33,0.82,0.0,0.0,211.53,240.95,245.45,0.2776,0.1705,3.813,3.716,0.0019,0.6106,0.0,0.6,f77c480724e88ed4ec10b83ac25bcf8f258198f027f895b89df26f8a07967ddf,187419,1706,36.54
2026-09-27 18:42:17,SPOOF_PHOTO_PRINT,NORMAL,UNKNOWN,False,SPOOFING_DETECTED,2.5,4.5,0.0,13.92,1.14,0.0,0.0,211.04,242.24,246.74,0.2783,0.1705,3.8141,3.716,0.0019,0.6114,0.0,0.6,a77f14201c3ced8387eb70481889fe2e179e43c445eb22f6547ab8ddf9e2c835,187419,1707,35.9
2026-09-27 18:42:19,SPOOF_PHOTO_PRINT,NORMAL,UNKNOWN,False,SPOOFING_DETECTED,2.5,4.5,0.0,14.53,1.0,0.0,0.0,212.97,246.63,251.13,0.2854,0.1705,3.8135,3.716,0.0019,0.611,0.0,0.6,8b2b9a19e68db8575967f0faf4d3a197e9c68c1f733972369c6d2f0ddbc1fa7e,187419,1708,38.84
2026-09-27 18:42:21,SPOOF_PHOTO_PRINT,NORMAL,admin,True,NONE_GRANTED,2.5,4.5,0.0,14.19,0.78,313.66,1.5,211.46,560.41,564.91,0.301,0.1705,3.7896,3.716,0.0019,0.771,0.3766,0.6,d318a0dc349939da0a25ef1e17c377f2f59e855804339b196da70356c899dd76,247515,1709,37.69
2026-09-27 18:42:22,SPOOF_PHOTO_PRINT,NORMAL,UNKNOWN,False,SPOOFING_DETECTED,2.5,4.5,0.0,14.84,1.13,0.0,0.0,211.9,247.06,251.56,0.2844,0.1705,3.7855,3.716,0.002,0.5934,0.0,0.6,75dcd6b5f5c51b1c605ad09c6c5181409e05198ec565cd1ad37e7434c41a6c6e,187419,1710,37.23
2026-09-27 18:42:24,SPOOF_PHOTO_PRINT,NORMAL,UNKNOWN,False,SPOOFING_DETECTED,2.5,4.5,0.0,15.35,0.76,0.0,0.0,212.12,243.18,247.68,0.293,0.1705,3.8346,3.716,0.0017,0.6241,0.0,0.6,0bd67b56cb8a316ef769ae77171240b7cab23dcb8fff1ce5d025cb367d380200,187419,1711,39.65
2026-09-27 18:42:26,SPOOF_PHOTO_PRINT,NORMAL,UNKNOWN,False,SPOOFING_DETECTED,2.5,4.5,0.0,12.97,1.06,0.0,0.0,210.59,241.11,245.61,0.2761,0.1705,3.8307,3.716,0.0017,0.6217,0.0,0.6,a0047b238f1fb9e79129dcd38fae5be12774287859a9a468e776208101b18880,187419,1712,37.4
2026-09-27 18:42:27,SPOOF_PHOTO_PRINT,NORMAL,UNKNOWN,False,SPOOFING_DETECTED,2.5,4.5,0.0,13.02,1.03,0.0,0.0,212.24,245.74,250.24,0.2907,0.1705,3.8264,3.716,0.0018,0.619,0.0,0.6,0f94474d56833f7e9e09c984f5f57c8c991ee288eab8047c7c81ada2cfbc5421,187419,1713,40.59
2026-09-27 18:42:27,SPOOF_PHOTO_PRINT,NORMAL,UNKNOWN,False,SPOOFING_DETECTED,2.5,4.5,0.0,13.98,1.1,0.0,0.0,214.92,247.9,252.4,0.29,0.1705,3.8298,3.716,0.0016,0.6211,0.0,0.6,09629e64a1d16ed0b702014263a1b8cb2f88fac99f9898e971ba3d32989ef887,187419,1714,38.46
2026-09-27 18:42:28,SPOOF_PHOTO_PRINT,NORMAL,UNKNOWN,False,SPOOFING_DETECTED,2.5,4.5,0.0,13.48,1.07,0.0,0.0,213.67,245.75,250.25,0.2941,0.1705,3.8314,3.716,0.0017,0.6221,0.0,0.6,38daa2bf6a2847e77a6622c47133e197ddfd4f29c5e19a900336bbb59c7cfb26,187419,1715,42.61
2026-09-27 18:42:28,SPOOF_PHOTO_PRINT,NORMAL,UNKNOWN,False,SPOOFING_DETECTED,2.5,4.5,0.0,14.57,1.03,0.0,0.0,212.51,245.84,250.34,0.2766,0.1705,3.8105,3.716,0.0019,0.609,0.0,0.6,89f14aede64e66d9719b576b3edd8416a8edc1708b93aa72e31f3381f6d39ea0,187419,1716,39.62
2026-09-27 18:42:29,SPOOF_PHOTO_PRINT,NORMAL,UNKNOWN,False,SPOOFING_DETECTED,2.5,4.5,0.0,14.27,0.98,0.0,0.0,216.14,248.32,252.82,0.2727,0.1705,3.8135,3.716,0.0018,0.6109,0.0,0.6,649d3c4d8ff842e98c981b769ffc4fa1c3ddcb92b69a35e0ebb8a37355e957e0,187419,1717,39.11
2026-09-27 18:42:30,SPOOF_PHOTO_PRINT,NORMAL,UNKNOWN,False,SPOOFING_DETECTED,2.5,4.5,0.0,14.06,1.07,0.0,0.0,214.25,249.86,254.36,0.2826,0.1705,3.8262,3.716,0.0018,0.6188,0.0,0.6,511828266ae84ccecc8f6d0233622fd8551dd8b718ec1a22b1de348df0a9046d,187419,1718,35.15
2026-09-27 18:42:31,SPOOF_PHOTO_PRINT,NORMAL,UNKNOWN,False,SPOOFING_DETECTED,2.5,4.5,0.0,13.41,0.94,0.0,0.0,213.23,246.83,251.33,0.288,0.1705,3.8214,3.716,0.0018,0.6159,0.0,0.6,912aa767c2ae51bce1f54fa05d0acf652bdbeca9ba87acb9e79bf200e9000cc3,187419,1719,41.48
2026-09-27 18:42:46,SPOOF_PHOTO_PRINT,NORMAL,UNKNOWN,False,SPOOFING_DETECTED,2.5,4.5,0.0,12.85,0.82,0.0,0.0,210.6,239.58,244.08,0.2964,0.1705,3.776,3.716,0.0021,0.5875,0.0,0.6,adf2ead4d8dbd6824ba179c8e554d4b3b4abb4eed3e6357ef3d2648ecf81fded,187419,1720,38.35
2026-09-27 18:42:47,SPOOF_PHOTO_PRINT,NORMAL,UNKNOWN,False,SPOOFING_DETECTED,2.5,4.5,0.0,13.47,0.77,0.0,0.0,210.66,240.61,245.11,0.313,0.1705,3.811,3.716,0.0018,0.6094,0.0,0.6,9b0796014752c788a8421e221a1073b5f78a9f8f35f8f9778e077ada9d294942,187419,1721,34.57
2026-09-27 18:42:48,SPOOF_PHOTO_PRINT,NORMAL,UNKNOWN,False,SPOOFING_DETECTED,2.5,4.5,0.0,12.69,0.94,0.0,0.0,212.63,244.14,248.64,0.2842,0.1705,3.7922,3.716,0.0019,0.5976,0.0,0.6,4f78958c69e560ab484fc218bd9a5d4d4fba807f00e2400e42474145a73bd79f,187419,1722,40.54
2026-09-27 18:42:50,SPOOF_PHOTO_PRINT,NORMAL,UNKNOWN,False,SPOOFING_DETECTED,2.5,4.5,0.0,13.96,0.9,0.0,0.0,213.08,243.53,248.03,0.2884,0.1705,3.8128,3.716,0.0018,0.6105,0.0,0.6,74255d2bccf5b1602ec92b0b477b1493a5cfdec4c3917935d40302b6ee48330f,187419,1723,34.42
2026-09-27 18:42:52,SPOOF_PHOTO_PRINT,NORMAL,UNKNOWN,False,SPOOFING_DETECTED,2.5,4.5,0.0,14.07,0.76,0.0,0.0,210.95,241.86,246.36,0.2951,0.1705,3.814,3.716,0.0019,0.6113,0.0,0.6,fbdf75350af3fbd1c4a61e08195c0e87e5cd9eef5b734659e7cf386b37d27f29,187419,1724,36.65
2026-09-27 18:42:53,SPOOF_PHOTO_PRINT,NORMAL,UNKNOWN,False,SPOOFING_DETECTED,2.5,4.5,0.0,13.48,1.0,0.0,0.0,212.7,244.68,249.18,0.2831,0.1705,3.8196,3.716,0.0018,0.6147,0.0,0.6,560e0dd10b536102b001eed7b8da43572de549427c7e07a3b00eb1ae60025a67,187419,1725,32.51
2026-09-27 18:42:53,SPOOF_PHOTO_PRINT,NORMAL,UNKNOWN,False,SPOOFING_DETECTED,2.5,4.5,0.0,14.81,0.95,0.0,0.0,212.2,246.3,250.8,0.2907,0.1705,3.8228,3.716,0.0018,0.6167,0.0,0.6,fb074cd422c24c4135d6258e2d9c007e9ef8ed9a0abdb5088ee2ac0e39748bc6,187419,1726,36.21
2026-09-27 18:42:54,SPOOF_PHOTO_PRINT,NORMAL,UNKNOWN,False,SPOOFING_DETECTED,2.5,4.5,0.0,14.94,1.12,0.0,0.0,211.94,245.96,250.46,0.2818,0.1705,3.834,3.716,0.0017,0.6238,0.0,0.6,12be82409ec244c58a4af9e38e64bfa246619ba9ea8adb2e7990c9b8dff8be7c,187419,1727,38.1
2026-09-27 18:42:57,SPOOF_PHOTO_PRINT,NORMAL,UNKNOWN,False,SPOOFING_DETECTED,2.5,4.5,0.0,13.8,0.91,0.0,0.0,211.65,241.39,245.89,0.2971,0.1705,3.8028,3.716,0.0019,0.6043,0.0,0.6,8773d7d93ee6850714e29ae56926611b26c22d47b4074d96274e265213454a8a,187419,1728,36.65
2026-09-27 18:42:58,SPOOF_PHOTO_PRINT,NORMAL,UNKNOWN,False,SPOOFING_DETECTED,2.5,4.5,0.0,12.05,0.77,0.0,0.0,210.93,239.55,244.05,0.2904,0.1705,3.7832,3.716,0.0023,0.592,0.0,0.6,0c762bae6c2b8169a0802a85457d1c056a3127e269b8e8b18746c96910b74aa7,187419,1729,38.9
2026-09-27 18:43:02,SPOOF_PHOTO_PRINT,NORMAL,UNKNOWN,False,SPOOFING_DETECTED,2.5,4.5,0.0,11.77,0.73,0.0,0.0,209.35,234.13,238.63,0.2759,0.1705,3.7955,3.716,0.002,0.5997,0.0,0.6,3d4b1d3cb0467fee3460cedde9a599ad2b66f300b575d5d85b8297dcd8293924,187419,1730,47.66
2026-09-27 18:43:02,SPOOF_PHOTO_PRINT,NORMAL,UNKNOWN,False,SPOOFING_DETECTED,2.5,4.5,0.0,13.11,0.8,0.0,0.0,211.55,238.52,243.02,0.2983,0.1705,3.7915,3.716,0.002,0.5972,0.0,0.6,06d32391259e29ba56535298702b014591abec63e52ca3d34498ff865044f87d,187419,1731,46.26
2026-09-27 18:43:03,SPOOF_PHOTO_PRINT,NORMAL,UNKNOWN,False,SPOOFING_DETECTED,2.5,4.5,0.0,13.93,1.1,0.0,0.0,212.86,242.97,247.47,0.2947,0.1705,3.8031,3.716,0.002,0.6044,0.0,0.6,26bd803731950edc4897af9a70141bba991f72b7d402ff7122eacf3efa08d2ae,187419,1732,36.1
2026-09-27 18:43:04,SPOOF_PHOTO_PRINT,NORMAL,UNKNOWN,False,SPOOFING_DETECTED,2.5,4.5,0.0,11.52,0.7,0.0,0.0,214.61,240.09,244.59,0.3007,0.1705,3.8108,3.716,0.0018,0.6093,0.0,0.6,697368160d44f8a8d855df65509c09c42809e95666f6b3d5779672880cdb6235,187419,1733,37.69
2026-09-27 18:43:05,SPOOF_PHOTO_PRINT,NORMAL,UNKNOWN,False,SPOOFING_DETECTED,2.5,4.5,0.0,14.52,0.75,0.0,0.0,213.57,241.03,245.53,0.2943,0.1705,3.8019,3.716,0.0018,0.6037,0.0,0.6,bb9c05ce115c0832c8aa62102afae3c8f468a9bfd12681e920076d3163a0b861,187419,1734,34.99
2026-09-27 18:43:08,SPOOF_PHOTO_PRINT,NORMAL,UNKNOWN,False,SPOOFING_DETECTED,2.5,4.5,0.0,12.47,0.85,0.0,0.0,212.03,240.36,244.86,0.2974,0.1705,3.7911,3.716,0.0021,0.597,0.0,0.6,1243de2c548d6ba99693b3b4119fcdd6e33f52a0345e44c6dd7407e755d70c63,187419,1735,36.04
2026-09-27 18:43:09,SPOOF_PHOTO_PRINT,NORMAL,UNKNOWN,False,SPOOFING_DETECTED,2.5,4.5,0.0,12.65,0.73,0.0,0.0,212.94,243.58,248.08,0.2943,0.1705,3.7875,3.716,0.0022,0.5947,0.0,0.6,6f3a99e27c3569f888fa9b40c39478028fadfbca78df235646f7fb7c20354fed,187419,1736,38.01
2026-09-27 18:43:10,SPOOF_PHOTO_PRINT,NORMAL,UNKNOWN,False,SPOOFING_DETECTED,2.5,4.5,0.0,11.28,0.71,0.0,0.0,213.56,238.79,243.29,0.2931,0.1705,3.7941,3.716,0.002,0.5988,0.0,0.6,350397b47d9290a10efdaf1695940e432057191d053bbefd168efc4a4f0d4ec4,187419,1737,38.39
2026-09-27 18:43:13,SPOOF_PHOTO_PRINT,NORMAL,UNKNOWN,False,SPOOFING_DETECTED,2.5,4.5,0.0,13.3,0.72,0.0,0.0,210.87,237.33,241.83,0.2914,0.1705,3.8178,3.716,0.0018,0.6136,0.0,0.6,2940dda87eebdadd8ce68bde8ab2719f1a717a73a5f4de2b2dd4b2e9be7dd13c,187419,1738,34.66
2026-09-27 18:43:14,SPOOF_PHOTO_PRINT,NORMAL,UNKNOWN,False,SPOOFING_DETECTED,2.5,4.5,0.0,14.84,0.75,0.0,0.0,214.62,245.1,249.6,0.2928,0.1705,3.7953,3.716,0.0021,0.5996,0.0,0.6,8c6a27099949dffa98fb978bede4694c09543cf57f6e614e35bf4d2c5893ef54,187419,1739,34.2
2026-09-27 18:43:46,SPOOF_PHOTO_PRINT,NORMAL,UNKNOWN,False,SPOOFING_DETECTED,2.5,4.5,0.0,12.68,0.9,0.0,0.0,212.46,237.43,241.93,0.3186,0.1705,3.7823,3.716,0.0022,0.5914,0.0,0.6,164d107db2091e7e043c6e7dd825348199b918d456a8ca95d75f60c9a87fb8bc,187419,1740,40.35
2026-09-27 18:43:48,SPOOF_PHOTO_PRINT,NORMAL,UNKNOWN,False,SPOOFING_DETECTED,2.5,4.5,0.0,12.87,1.06,0.0,0.0,209.91,236.54,241.04,0.2936,0.1705,3.7853,3.716,0.0021,0.5934,0.0,0.6,99a77efdc28b36c01e6e5ecb5596aeecb20f25db647443e4cd8e354833121134,187419,1741,34.54
2026-09-27 18:43:50,SPOOF_PHOTO_PRINT,NORMAL,UNKNOWN,False,SPOOFING_DETECTED,2.5,4.5,0.0,15.07,0.74,0.0,0.0,212.51,240.55,245.05,0.2935,0.1705,3.7659,3.716,0.0025,0.5812,0.0,0.6,d42d03908f67a68929bf9d8f2c86d2be00a127eb0c278241d0662ff7f36763c1,187419,1742,35.11
2026-09-27 18:43:54,SPOOF_PHOTO_PRINT,NORMAL,UNKNOWN,False,SPOOFING_DETECTED,4.72,6.72,0.0,15.55,0.83,0.0,0.0,210.0,238.09,244.81,0.2663,0.2194,3.8167,3.716,0.0018,0.613,0.0,0.6,8850b06ce11765af95c5a4c1b9a7ee24673ae72dc50eac5c4f139d916434d970,187419,1743,31.71
2026-09-27 18:43:54,SPOOF_PHOTO_PRINT,NORMAL,UNKNOWN,False,SPOOFING_DETECTED,2.5,4.5,0.0,13.3,0.79,0.0,0.0,213.41,241.99,246.49,0.2638,0.2194,3.7742,3.716,0.0024,0.5864,0.0,0.6,742f53db0a7a2f52889d3188644a3af7df7c0bd1ec5f90d7b06d548f5514ea45,187419,1744,42.48
2026-09-27 18:43:55,SPOOF_PHOTO_PRINT,NORMAL,UNKNOWN,False,SPOOFING_DETECTED,2.5,4.5,0.0,13.24,0.74,0.0,0.0,214.1,242.34,246.84,0.2652,0.2194,3.8253,3.716,0.0018,0.6183,0.0,0.6,3fe808ade6ff7c941b5b9849c738368b0c315664aecf0000fe8e0c7e8896de87,187419,1745,38.55
2026-09-27 18:43:56,SPOOF_PHOTO_PRINT,NORMAL,UNKNOWN,False,SPOOFING_DETECTED,2.5,4.5,0.0,11.51,0.8,0.0,0.0,212.72,237.44,241.94,0.2705,0.2194,3.774,3.716,0.0022,0.5862,0.0,0.6,2cd3209696841d19dae45448a16dbfd155eda57abc1e53a287b98bbb237a2163,187419,1746,39.1
2026-09-27 18:44:01,SPOOF_PHOTO_PRINT,NORMAL,UNKNOWN,False,SPOOFING_DETECTED,2.5,4.5,0.0,12.99,0.73,0.0,0.0,209.46,236.52,241.02,0.2502,0.2194,3.817,3.716,0.0017,0.6132,0.0,0.6,cdf7eec9f55b448310ca1812db8ffebc21e1fdd43a55155a910ee5e71f27772f,187419,1747,35.86
2026-09-27 18:44:05,SPOOF_PHOTO_PRINT,NORMAL,UNKNOWN,False,SPOOFING_DETECTED,2.5,4.5,0.0,12.36,0.76,0.0,0.0,209.96,238.84,243.34,0.2693,0.2194,3.8136,3.716,0.0019,0.611,0.0,0.6,60125f154a23462d8d530d4c61a7151f77ceea805bde8d3c7dfe132b8188e42f,187419,1748,38.15
2026-09-27 18:44:09,SPOOF_PHOTO_PRINT,NORMAL,UNKNOWN,False,SPOOFING_DETECTED,2.5,4.5,0.0,14.52,1.15,0.0,0.0,211.15,240.2,244.7,0.2689,0.2194,3.808,3.716,0.0019,0.6075,0.0,0.6,96cb10dcf4628ea275cde55a79ac6ef0209cfbbbdacbbfd2e5250ae273a8b8af,187419,1749,39.64
2026-09-27 18:44:13,SPOOF_PHOTO_PRINT,NORMAL,UNKNOWN,False,SPOOFING_DETECTED,2.5,4.5,0.0,12.62,1.73,0.0,0.0,210.1,241.43,245.93,0.2768,0.2194,3.8243,3.716,0.0018,0.6177,0.0,0.6,b365ac986af99278388fd674ed8c2604e1207610dc448d3f34c3a0408f341eba,187419,1750,36.32
2026-09-27 18:44:16,SPOOF_PHOTO_PRINT,NORMAL,UNKNOWN,False,SPOOFING_DETECTED,2.5,4.5,0.0,12.21,0.78,0.0,0.0,212.12,238.42,242.92,0.2729,0.2194,3.8127,3.716,0.0018,0.6104,0.0,0.6,dca989dceb1362484a30e4ce941acdfc4222043fe494f818864eadd9b741c8a6,187419,1751,36.1
2026-09-27 18:44:19,SPOOF_PHOTO_PRINT,NORMAL,UNKNOWN,False,SPOOFING_DETECTED,2.5,4.5,0.0,13.18,0.89,0.0,0.0,212.72,242.35,246.85,0.2653,0.2194,3.8037,3.716,0.0018,0.6048,0.0,0.6,0e73a0f010993227dc8b116f9417eb93bb6f62764f778e6c1cdfee8ba5814d78,187419,1752,38.38
2026-09-27 18:44:22,SPOOF_PHOTO_PRINT,NORMAL,UNKNOWN,False,SPOOFING_DETECTED,2.5,4.5,0.0,12.18,0.77,0.0,0.0,209.66,241.19,245.69,0.273,0.2194,3.8069,3.716,0.0018,0.6068,0.0,0.6,0f4c9b6eb95b17e78d930f75a0d34777e768f551774da3f6eb6dff54ac7fd40f,187419,1753,37.1
2026-09-27 18:44:25,SPOOF_PHOTO_PRINT,NORMAL,UNKNOWN,False,SPOOFING_DETECTED,2.5,4.5,0.0,12.34,0.78,0.0,0.0,210.53,238.23,242.73,0.2652,0.2194,3.7926,3.716,0.002,0.5979,0.0,0.6,673fe5ed28d02533543d93d540fa66b394195d9955106d027cc41b691eb1fa0f,187419,1754,36.16
2026-09-27 18:44:27,SPOOF_PHOTO_PRINT,NORMAL,UNKNOWN,False,SPOOFING_DETECTED,2.5,4.5,0.0,12.56,0.74,0.0,0.0,212.38,240.81,245.31,0.2626,0.2194,3.8009,3.716,0.0019,0.6031,0.0,0.6,7b054208bb923b27535ff967f444ef6d15a2d5a6bd02fd751488f6bf1778e259,187419,1755,34.4
2026-09-27 18:44:30,SPOOF_PHOTO_PRINT,NORMAL,UNKNOWN,False,SPOOFING_DETECTED,2.5,4.5,0.0,12.25,0.76,0.0,0.0,210.04,236.08,240.58,0.2947,0.2194,3.7777,3.716,0.0025,0.5886,0.0,0.6,3e232f3e696cc05db5afe627086102cae885413f3ea65e213e6e2b4e2f71b818,187419,1756,43.68
2026-09-27 18:44:31,SPOOF_PHOTO_PRINT,NORMAL,UNKNOWN,False,SPOOFING_DETECTED,2.5,4.5,0.0,13.91,0.77,0.0,0.0,215.78,246.07,250.57,0.2781,0.2194,3.7825,3.716,0.0023,0.5916,0.0,0.6,6f3c3ebecc3bd96f9d7c2fca3afd496037b3493c27329e077954fe66a0279c1e,187419,1757,36.87
2026-09-27 18:44:32,SPOOF_PHOTO_PRINT,NORMAL,UNKNOWN,False,SPOOFING_DETECTED,2.5,4.5,0.0,15.34,0.76,0.0,0.0,211.39,243.14,247.64,0.2683,0.2194,3.791,3.716,0.0021,0.5968,0.0,0.6,20c7a5e181beb8f95fd2bfaa353e59d4fa89bca33758a0b9297fc5d03cb9bbf1,187419,1758,37.34
2026-09-27 18:44:33,SPOOF_PHOTO_PRINT,NORMAL,UNKNOWN,False,SPOOFING_DETECTED,2.5,4.5,0.0,13.84,0.77,0.0,0.0,212.87,243.72,248.22,0.2657,0.2194,3.7762,3.716,0.0023,0.5876,0.0,0.6,36b566b119ffbdb28a75b889b0a5091d83e64d43f9240ccc7178996d34905a45,187419,1759,36.89
2026-09-27 18:44:49,SPOOF_PHOTO_PRINT,NORMAL,UNKNOWN,False,SPOOFING_DETECTED,2.5,4.5,0.0,12.53,0.95,0.0,0.0,210.58,236.51,241.01,0.281,0.2194,3.7309,3.716,0.003,0.5593,0.0,0.6,f608f971a17c11f76d27631ea67137f58aa792c0c71a3c37b14f856d47366143,187419,1760,39.15
2026-09-27 18:44:50,SPOOF_PHOTO_PRINT,NORMAL,UNKNOWN,False,SPOOFING_DETECTED,2.5,4.5,0.0,12.59,0.74,0.0,0.0,209.63,234.97,239.47,0.287,0.2194,3.8051,3.716,0.0023,0.6056,0.0,0.6,bdaa64fd880110e9152503df9002f10ba4889b0f72af09fe630bca97e7743fd2,187419,1761,37.21
2026-09-27 18:44:51,SPOOF_PHOTO_PRINT,NORMAL,UNKNOWN,False,SPOOFING_DETECTED,2.5,4.5,0.0,12.0,1.32,0.0,0.0,213.49,240.45,244.95,0.2857,0.2194,3.7934,3.716,0.0023,0.5983,0.0,0.6,5fcab82fc9d75187bf3a3cc41357cead0f08124caed40eeca365e08cbe716b85,187419,1762,36.19
2026-09-27 18:44:52,SPOOF_PHOTO_PRINT,NORMAL,UNKNOWN,False,SPOOFING_DETECTED,2.5,4.5,0.0,12.14,0.81,0.0,0.0,212.76,237.8,242.3,0.2827,0.2194,3.7997,3.716,0.0022,0.6023,0.0,0.6,feb2e188f37a15ba829c72e2a890626e1e02ca41e093677f2c7fdb0ad40e3893,187419,1763,34.96
2026-09-27 18:44:53,SPOOF_PHOTO_PRINT,NORMAL,UNKNOWN,False,SPOOFING_DETECTED,2.5,4.5,0.0,13.83,0.79,0.0,0.0,214.11,242.6,247.1,0.2947,0.2194,3.8054,3.716,0.0021,0.6059,0.0,0.6,5f32f2f9e14bb5f51250969c6f3be4094bfa364526b66c05ff7dfc6b0e91641f,187419,1764,39.37
2026-09-27 18:44:55,SPOOF_PHOTO_PRINT,NORMAL,UNKNOWN,False,SPOOFING_DETECTED,2.5,4.5,0.0,11.2,0.7,0.0,0.0,211.87,236.5,241.0,0.3009,0.2194,3.8019,3.716,0.0022,0.6037,0.0,0.6,bfca3d600f3c089957af665288b8497edd5979c437c06a3cff992dfcec2c1d14,187419,1765,36.03
2026-09-27 18:44:56,SPOOF_PHOTO_PRINT,NORMAL,UNKNOWN,False,SPOOFING_DETECTED,2.5,4.5,0.0,11.18,0.69,0.0,0.0,217.04,244.13,248.63,0.2912,0.2194,3.8364,3.716,0.0018,0.6252,0.0,0.6,20cae290f5cfacd73c82845fbe5b2d768bdd9bfd15308fd4976c4bcd216d5d60,187419,1766,37.68
2026-09-27 18:44:57,SPOOF_PHOTO_PRINT,NORMAL,UNKNOWN,False,SPOOFING_DETECTED,2.5,4.5,0.0,11.76,0.69,0.0,0.0,212.49,237.98,242.48,0.2925,0.2194,3.8205,3.716,0.002,0.6153,0.0,0.6,22238a49b9cefb965b7ffe819ba04d6d8f0a6c044570f8f830fa0741465c6a31,187419,1767,38.02
2026-09-27 18:44:58,SPOOF_PHOTO_PRINT,NORMAL,UNKNOWN,False,SPOOFING_DETECTED,2.5,4.5,0.0,13.5,1.05,0.0,0.0,215.8,242.01,246.51,0.2945,0.2194,3.8196,3.716,0.0019,0.6147,0.0,0.6,59b5a794c26c0ebeadebec57f5f20203c0fa4e153da77189bfb7e414022eba82,187419,1768,41.0
2026-09-27 18:44:59,SPOOF_PHOTO_PRINT,NORMAL,UNKNOWN,False,SPOOFING_DETECTED,2.5,4.5,0.0,12.3,1.68,0.0,0.0,213.38,241.62,246.12,0.3062,0.2194,3.854,3.716,0.0017,0.6362,0.0,0.6,8cf0bfb5fcacd01d1dd0ed18d173d0c977a57dbe443dd97151b036c07093aa64,187419,1769,37.02
2026-09-27 18:45:00,SPOOF_PHOTO_PRINT,NORMAL,UNKNOWN,False,SPOOFING_DETECTED,2.5,4.5,0.0,11.0,0.66,0.0,0.0,213.45,238.41,242.91,0.3,0.2194,3.8436,3.716,0.0018,0.6298,0.0,0.6,fe28906f8db814e185a3e59318d3383569da16ff6d52aaf9c4fe69531a970d19,187419,1770,39.34
2026-09-27 18:45:01,SPOOF_PHOTO_PRINT,NORMAL,UNKNOWN,False,SPOOFING_DETECTED,2.5,4.5,0.0,12.61,0.71,0.0,0.0,214.32,240.12,244.62,0.2989,0.2194,3.8438,3.716,0.0016,0.6298,0.0,0.6,ddde274d989b7f5f8a157142ff8f3c38ad38a8713a831eb590668f96e878fa20,187419,1771,35.57
2026-09-27 18:45:02,SPOOF_PHOTO_PRINT,NORMAL,UNKNOWN,False,SPOOFING_DETECTED,2.5,4.5,0.0,11.9,1.06,0.0,0.0,213.8,240.99,245.49,0.2967,0.2194,3.8159,3.716,0.0019,0.6124,0.0,0.6,6da930a1c3d3a08b703d8c6441e431d3b21a637284da5d81587fe41e8cdaac8c,187419,1772,36.46
2026-09-27 18:45:03,SPOOF_PHOTO_PRINT,NORMAL,UNKNOWN,False,SPOOFING_DETECTED,2.5,4.5,0.0,11.79,0.66,0.0,0.0,212.04,235.32,239.82,0.3066,0.2194,3.808,3.716,0.0017,0.6075,0.0,0.6,b9dc9cdef49bf207142fe77c30b7878f345db456bc84e80f83d9270d964ea5a5,187419,1773,37.4
2026-09-27 18:45:04,SPOOF_PHOTO_PRINT,NORMAL,UNKNOWN,False,SPOOFING_DETECTED,2.5,4.5,0.0,12.43,1.16,0.0,0.0,213.02,238.94,243.44,0.305,0.2194,3.8254,3.716,0.0016,0.6184,0.0,0.6,f49bdc25316f15f9b110f15e306bbf2b354061bce1840681397b35ba116f9fff,187419,1774,37.47
2026-09-27 18:45:05,SPOOF_PHOTO_PRINT,NORMAL,UNKNOWN,False,SPOOFING_DETECTED,2.5,4.5,0.0,11.55,0.69,0.0,0.0,214.18,240.52,245.02,0.3036,0.2194,3.8042,3.716,0.0019,0.6052,0.0,0.6,5b8a3bf96e310c7d002079918cd9526b936c24a1e6cbc7ecb5128b6a929e577f,187419,1775,42.71
2026-09-27 18:45:07,SPOOF_PHOTO_PRINT,NORMAL,UNKNOWN,False,SPOOFING_DETECTED,2.5,4.5,0.0,15.77,0.69,0.0,0.0,213.12,243.62,248.12,0.3034,0.2194,3.8086,3.716,0.0018,0.6079,0.0,0.6,aa4ff1c7bf8a8fc8a0865b082d6fe2dff1536433923313b20ea67cc0926b7a7c,187419,1776,33.84
2026-09-27 18:45:08,SPOOF_PHOTO_PRINT,NORMAL,UNKNOWN,False,SPOOFING_DETECTED,2.5,4.5,0.0,13.99,0.69,0.0,0.0,213.29,242.43,246.93,0.3037,0.2194,3.8099,3.716,0.002,0.6087,0.0,0.6,51356e9ca63d3839fe17ee394276fb5f1ece9a87763b5786fe079510e15d0552,187419,1777,38.7
2026-09-27 18:45:09,SPOOF_PHOTO_PRINT,NORMAL,UNKNOWN,False,SPOOFING_DETECTED,2.5,4.5,0.0,11.88,0.65,0.0,0.0,211.4,239.89,244.39,0.3067,0.2194,3.7943,3.716,0.0019,0.5989,0.0,0.6,977aa29791f4ddee23c956bf625ec7e5c0861da6d6c5acfd8e90391fb6cff350,187419,1778,36.55
2026-09-27 18:45:11,SPOOF_PHOTO_PRINT,NORMAL,UNKNOWN,False,SPOOFING_DETECTED,2.5,4.5,0.0,14.1,0.67,0.0,0.0,216.29,244.16,248.66,0.2777,0.2194,3.8028,3.716,0.002,0.6042,0.0,0.6,321f0dfc941cf612c63baba5e262b052a5bd5652fb474f1b30b236a5dc8c954b,187419,1779,35.96
2026-09-27 18:45:49,SPOOF_PHOTO_PRINT,NORMAL,UNKNOWN,False,SPOOFING_DETECTED,2.5,4.5,0.0,11.02,0.66,0.0,0.0,209.38,236.2,240.7,0.322,0.2194,3.8498,3.716,0.0017,0.6336,0.0,0.6,7708f481baec4d9ed1eabbd637cd87d5286c0bc252a9826d08f04e83b65d5aee,187419,1780,40.89
2026-09-27 18:45:52,SPOOF_PHOTO_PRINT,NORMAL,UNKNOWN,False,SPOOFING_DETECTED,2.5,4.5,0.0,11.67,1.22,0.0,0.0,210.17,237.54,242.04,0.3206,0.2194,3.8224,3.716,0.0018,0.6165,0.0,0.6,1a993a36b86a2ba6be1db2cd6919b26c437cb3d99c7810c90416dfeb8cecd55f,187419,1781,31.53
2026-09-27 18:45:54,SPOOF_PHOTO_PRINT,NORMAL,UNKNOWN,False,SPOOFING_DETECTED,2.5,4.5,0.0,10.96,0.87,0.0,0.0,212.42,235.36,239.86,0.3201,0.2194,3.8085,3.716,0.0018,0.6078,0.0,0.6,24b4aeb0c12ba0aa28e4797885e0e07b3d512ce06f49fcfd6f0413bb11c2db99,187419,1782,34.39
2026-09-27 18:45:55,SPOOF_PHOTO_PRINT,NORMAL,UNKNOWN,False,SPOOFING_DETECTED,2.5,4.5,0.0,11.8,0.68,0.0,0.0,209.59,233.73,238.23,0.3155,0.2194,3.8312,3.716,0.0016,0.622,0.0,0.6,61f96c458f01809d21c52a66c5a24b504e516e43bf9796d98db6485baa430a7d,187419,1783,32.71
2026-09-27 18:45:56,SPOOF_PHOTO_PRINT,NORMAL,UNKNOWN,False,SPOOFING_DETECTED,2.5,4.5,0.0,11.51,0.67,0.0,0.0,213.17,236.77,241.27,0.3217,0.2194,3.8221,3.716,0.0018,0.6163,0.0,0.6,5facd825525d5ad48b04fcd15e7aa43d1f456ce8bc8464008391c09ab7ce8366,187419,1784,49.16
2026-09-27 18:45:58,SPOOF_PHOTO_PRINT,NORMAL,UNKNOWN,False,SPOOFING_DETECTED,2.5,4.5,0.0,11.29,0.82,0.0,0.0,211.68,235.06,239.56,0.3334,0.2194,3.8328,3.716,0.0017,0.623,0.0,0.6,94adf1a7884186448e259d9639f14bbaea6f6a44911349176ff66158592f3353,187419,1785,36.96
2026-09-27 18:46:01,SPOOF_PHOTO_PRINT,NORMAL,UNKNOWN,False,SPOOFING_DETECTED,2.5,4.5,0.0,11.94,0.72,0.0,0.0,210.56,233.98,238.48,0.326,0.2194,3.8461,3.716,0.0017,0.6314,0.0,0.6,a74a909f222c1be83c45608830aea44c6f9672096b37700315f5120077036813,187419,1786,34.61
2026-09-27 18:46:02,SPOOF_PHOTO_PRINT,NORMAL,UNKNOWN,False,SPOOFING_DETECTED,2.5,4.5,0.0,11.68,0.62,0.0,0.0,211.61,235.34,239.84,0.3254,0.2194,3.8285,3.716,0.0017,0.6204,0.0,0.6,9b09e70bfa4fd9a98674be8340cab4c0e719a418c5cb3b8bb5cd7258dbd767dd,187419,1787,36.21
2026-09-27 18:46:04,SPOOF_PHOTO_PRINT,NORMAL,UNKNOWN,False,SPOOFING_DETECTED,2.5,4.5,0.0,12.31,0.64,0.0,0.0,209.46,233.95,238.45,0.3272,0.2194,3.8145,3.716,0.0018,0.6116,0.0,0.6,919697ac2c19a3a40073a59f549b3006fe0b0a38efe4e13f62a896532408074b,187419,1788,37.15
2026-09-27 18:46:04,SPOOF_PHOTO_PRINT,NORMAL,UNKNOWN,False,SPOOFING_DETECTED,2.5,4.5,0.0,13.69,0.68,0.0,0.0,211.91,240.35,244.85,0.3259,0.2194,3.829,3.716,0.0017,0.6206,0.0,0.6,90a89438bf56825a5ee4843b3861c8e674ba9ca82837d6386e99fb76d9b3d7de,187419,1789,34.97
2026-09-27 18:46:07,SPOOF_PHOTO_PRINT,NORMAL,UNKNOWN,False,SPOOFING_DETECTED,2.5,4.5,0.0,11.52,0.7,0.0,0.0,210.72,235.41,239.91,0.3069,0.2194,3.8149,3.716,0.002,0.6118,0.0,0.6,c8b2f56c36c9d9173a207fed16daf87d664bd2d836e023be14a64b1fc3459a6b,187419,1790,39.28
2026-09-27 18:46:08,SPOOF_PHOTO_PRINT,NORMAL,UNKNOWN,False,SPOOFING_DETECTED,2.5,4.5,0.0,11.53,0.7,0.0,0.0,211.64,237.1,241.6,0.3099,0.2194,3.8149,3.716,0.0018,0.6118,0.0,0.6,7d42bfa58a83b3fe3aa0b23ca36c4dbd03f0d6c6e06eba162c9406a3bdf7681e,187419,1791,39.01
2026-09-27 18:46:09,SPOOF_PHOTO_PRINT,NORMAL,UNKNOWN,False,SPOOFING_DETECTED,2.5,4.5,0.0,14.11,0.71,0.0,0.0,215.62,245.06,249.56,0.314,0.2194,3.8108,3.716,0.0019,0.6093,0.0,0.6,1b11eca9f931c946394a8ae4460b488b07bb9a33bb4d96f2d80edbf036fce133,187419,1792,34.18
2026-09-27 18:46:10,SPOOF_PHOTO_PRINT,NORMAL,UNKNOWN,False,SPOOFING_DETECTED,2.5,4.5,0.0,11.92,0.73,0.0,0.0,218.65,243.34,247.84,0.3139,0.2194,3.8077,3.716,0.0018,0.6073,0.0,0.6,2d1d6404c27d304eab41f5bf28729d93dfb2b7ee7e57d3d2c4e289bbea91c7ca,187419,1793,39.61
2026-09-27 18:46:13,SPOOF_PHOTO_PRINT,NORMAL,UNKNOWN,False,SPOOFING_DETECTED,2.5,4.5,0.0,11.26,1.67,0.0,0.0,209.63,235.37,239.87,0.3069,0.2194,3.8095,3.716,0.002,0.6084,0.0,0.6,055ee2d21cefcb1c351b89c2bfff3f71885576a93d069343a389bc11a0ff38f6,187419,1794,34.61
2026-09-27 18:46:13,SPOOF_PHOTO_PRINT,NORMAL,UNKNOWN,False,SPOOFING_DETECTED,2.5,4.5,0.0,13.06,1.24,0.0,0.0,214.04,241.15,245.65,0.3076,0.2194,3.8012,3.716,0.002,0.6033,0.0,0.6,3b331765441763481045da7f8212ba71c10c27257fd7a721bfeffd559371942e,187419,1795,36.05
2026-09-27 18:46:15,SPOOF_PHOTO_PRINT,NORMAL,UNKNOWN,False,SPOOFING_DETECTED,2.5,4.5,0.0,18.36,1.12,0.0,0.0,213.56,246.82,251.32,0.3102,0.2194,3.7847,3.716,0.0021,0.593,0.0,0.6,9e33e1053c096bf099f1512197a324fb79f2dc0cd275bc9d57cc967c5d5c8046,187419,1796,35.01
2026-09-27 18:46:16,SPOOF_PHOTO_PRINT,NORMAL,UNKNOWN,False,SPOOFING_DETECTED,2.5,4.5,0.0,13.28,0.71,0.0,0.0,214.62,243.65,248.15,0.3084,0.2194,3.7936,3.716,0.0021,0.5985,0.0,0.6,915f9d3512c1aaf647348e53b1d23601927980d959921994fff7af308352f601,187419,1797,34.82
2026-09-27 18:46:20,SPOOF_PHOTO_PRINT,NORMAL,admin,True,NONE_GRANTED,2.5,4.5,0.0,13.04,0.78,345.51,1.25,212.44,591.51,596.01,0.3233,0.2194,3.8009,3.716,0.0021,0.778,0.3956,0.6,16859cdae4ff3ea9260555e7a3adc765313235d776cf564b071ea8465061e8de,247515,1798,30.74
2026-09-27 18:46:20,SPOOF_PHOTO_PRINT,NORMAL,UNKNOWN,False,SPOOFING_DETECTED,2.5,4.5,0.0,12.58,0.79,0.0,0.0,214.58,246.16,250.66,0.3195,0.2194,3.8227,3.716,0.002,0.6167,0.0,0.6,09f6bf08860709f8f7732a961bcddbf76541eb671793908a73e4b5fdc01769a0,187419,1799,35.61
2026-09-27 18:47:08,SPOOF_PHOTO_PRINT,NORMAL,UNKNOWN,False,SPOOFING_DETECTED,2.5,4.5,0.0,11.99,0.83,0.0,0.0,210.32,237.44,241.94,0.3115,0.2194,3.7919,3.716,0.0022,0.5974,0.0,0.6,3d89a6c102be6f2fc96381512c4a02a1ec570d92e48fea89ea37074a2874779b,187419,1800,37.28
2026-09-27 18:47:13,SPOOF_PHOTO_PRINT,NORMAL,UNKNOWN,False,SPOOFING_DETECTED,2.5,4.5,0.0,11.78,0.86,0.0,0.0,209.8,234.47,238.97,0.2997,0.2194,3.8329,3.716,0.0016,0.6231,0.0,0.6,9f4f2f4a9c131333b8a17813db802616b37c59ab008fbc07142f572760160a86,187419,1801,40.44
2026-09-27 18:47:16,SPOOF_PHOTO_PRINT,NORMAL,UNKNOWN,False,SPOOFING_DETECTED,2.5,4.5,0.0,12.27,0.64,0.0,0.0,210.62,236.37,240.87,0.3129,0.2194,3.8245,3.716,0.0018,0.6178,0.0,0.6,9dbfea86b27256bcfa209ea622e04e6f825caebfac5de305200143586ecd056f,187419,1802,41.45
2026-09-27 18:47:17,SPOOF_PHOTO_PRINT,NORMAL,UNKNOWN,False,SPOOFING_DETECTED,2.5,4.5,0.0,12.55,0.68,0.0,0.0,214.38,241.04,245.54,0.3162,0.2194,3.8242,3.716,0.0018,0.6176,0.0,0.6,95fa44075b7b0ae3a071d61d9c38205aada9156b3fa9598c88a6407ff7abed98,187419,1803,38.08
2026-09-27 18:47:19,SPOOF_PHOTO_PRINT,NORMAL,UNKNOWN,False,SPOOFING_DETECTED,2.5,4.5,0.0,14.3,0.65,0.0,0.0,212.0,239.14,243.64,0.3159,0.2194,3.8259,3.716,0.0017,0.6187,0.0,0.6,5e195482eff5ed17cfbfbf5a7d9f3ccb1ee9613738a2a0c87ceda0176dee1ec3,187419,1804,38.17
2026-09-27 18:47:23,SPOOF_PHOTO_PRINT,NORMAL,UNKNOWN,False,SPOOFING_DETECTED,2.5,4.5,0.0,11.56,0.67,0.0,0.0,209.58,233.25,237.75,0.3153,0.2194,3.845,3.716,0.0016,0.6306,0.0,0.6,22d8d2c8c67e79cad023591d1fb378ef1d001201d4ecdea2f646de7befe9be69,187419,1805,35.98
2026-09-28 09:44:42,LIVE_USER,NORMAL,UNKNOWN,False,UNKNOWN_FACE_OR_NO_MATCH,5.6,7.6,0.0,0.0,0.0,3005.94,0.0,210.08,3220.52,3228.12,0.3627,0.2097,0.0,3.563,0.0,1.0,0.0,0.6,,0,0,0.0
2026-09-28 09:44:56,LIVE_USER,NORMAL,admin,False,UNKNOWN_FACE_OR_NO_MATCH,5.34,7.34,0.0,0.0,0.0,463.12,72.98,213.17,759.17,766.51,0.3037,0.2319,0.0,3.563,0.0,1.0,0.8068,0.6,,0,0,0.0
2026-09-28 09:45:00,LIVE_USER,NORMAL,admin,False,UNKNOWN_FACE_OR_NO_MATCH,4.69,6.69,0.0,0.0,0.0,330.97,1.49,215.27,557.3,563.99,0.2279,0.1917,0.0,3.563,0.0,1.0,0.7871,0.6,,0,0,0.0
2026-09-28 09:45:05,LIVE_USER,NORMAL,admin,False,UNKNOWN_FACE_OR_NO_MATCH,6.0,8.0,0.0,0.0,0.0,285.75,1.86,212.22,508.0,516.0,0.2124,0.1537,0.0,3.563,0.0,1.0,0.7151,0.6,,0,0,0.0
2026-09-28 09:45:09,LIVE_USER,NORMAL,admin,False,UNKNOWN_FACE_OR_NO_MATCH,4.83,6.83,0.0,0.0,0.0,291.58,1.46,209.83,510.94,517.77,0.272,0.2306,0.0,3.563,0.0,1.0,0.7629,0.6,,0,0,0.0
2026-09-28 09:45:15,LIVE_USER,NORMAL,UNKNOWN,False,UNKNOWN_FACE_OR_NO_MATCH,6.58,8.58,0.0,0.0,0.0,46.26,0.0,213.77,262.69,271.27,0.424,0.2006,0.0,3.563,0.0,1.0,0.0,0.6,,0,0,0.0
2026-09-28 09:45:21,LIVE_USER,NORMAL,admin,False,UNKNOWN_FACE_OR_NO_MATCH,5.1,7.1,0.0,0.0,0.0,258.78,1.84,215.08,483.61,490.71,0.335,0.2045,0.0,3.563,0.0,1.0,0.9477,0.6,,0,0,0.0
2026-09-28 09:45:29,LIVE_USER,NORMAL,admin,False,ACL_FORBIDDEN,7.13,9.13,0.0,0.0,0.0,306.01,1.83,216.14,531.61,540.74,0.3318,0.1853,0.0,3.563,0.0,1.0,0.4952,0.6,,0,0,0.0
2026-09-28 09:45:33,LIVE_USER,NORMAL,admin,False,UNKNOWN_FACE_OR_NO_MATCH,5.16,7.16,0.0,0.0,0.0,284.98,1.93,214.07,506.25,513.41,0.2979,0.1556,0.0,3.563,0.0,1.0,0.7218,0.6,,0,0,0.0
2026-09-28 09:45:38,LIVE_USER,NORMAL,admin,False,UNKNOWN_FACE_OR_NO_MATCH,4.86,6.86,0.0,0.0,0.0,274.19,2.21,209.66,491.49,498.35,0.2733,0.2135,0.0,3.563,0.0,1.0,0.6709,0.6,,0,0,0.0
2026-09-28 09:45:42,LIVE_USER,NORMAL,admin,False,ACL_FORBIDDEN,5.43,7.43,0.0,0.0,0.0,265.77,1.58,215.5,488.51,495.94,0.262,0.1757,0.0,3.563,0.0,1.0,0.5826,0.6,,0,0,0.0
2026-09-28 09:49:38,LIVE_USER,NORMAL,admin,False,UNKNOWN_FACE_OR_NO_MATCH,7.74,9.74,0.0,0.0,0.0,239.3,1.61,211.36,460.14,469.88,0.3193,0.2221,0.0,3.682,0.0,1.0,0.9565,0.6,,0,0,0.0
2026-09-28 09:49:44,LIVE_USER,NORMAL,admin,True,NONE_GRANTED,5.61,7.61,0.0,0.0,0.0,252.66,3.05,214.33,475.03,482.64,0.2846,0.1618,0.0,3.682,0.0,1.0,0.5558,0.6,,0,0,0.0
2026-09-28 09:49:49,LIVE_USER,NORMAL,admin,True,NONE_GRANTED,5.82,7.82,0.0,0.0,0.0,289.5,1.79,212.65,510.79,518.61,0.2846,0.1728,0.0,3.682,0.0,1.0,0.3508,0.6,,0,0,0.0
2026-09-28 09:49:54,LIVE_USER,NORMAL,admin,True,NONE_GRANTED,5.62,7.62,0.0,0.0,0.0,336.42,1.92,213.88,559.43,567.05,0.2694,0.0426,0.0,3.682,0.0,1.0,0.3759,0.6,,0,0,0.0
2026-09-28 09:50:00,LIVE_USER,NORMAL,admin,True,NONE_GRANTED,5.08,7.08,0.0,0.0,0.0,322.45,1.39,213.86,546.38,553.46,0.2863,0.1908,0.0,3.682,0.0,1.0,0.3398,0.6,,0,0,0.0
2026-09-28 09:50:04,LIVE_USER,NORMAL,admin,True,NONE_GRANTED,7.24,9.24,0.0,0.0,0.0,351.02,1.58,213.54,573.11,582.35,0.3881,0.0508,0.0,3.682,0.0,1.0,0.3509,0.6,,0,0,0.0
2026-09-28 09:50:10,LIVE_USER,NORMAL,admin,True,NONE_GRANTED,6.37,8.37,0.0,0.0,0.0,281.91,1.84,213.76,504.15,512.52,0.288,0.025,0.0,3.682,0.0,1.0,0.309,0.6,,0,0,0.0
2026-09-28 09:50:14,LIVE_USER,NORMAL,admin,False,UNKNOWN_FACE_OR_NO_MATCH,5.38,7.38,0.0,0.0,0.0,239.61,1.95,212.13,461.28,468.66,0.2532,0.2141,0.0,3.682,0.0,1.0,0.9492,0.6,,0,0,0.0
2026-09-28 09:50:19,LIVE_USER,NORMAL,admin,False,UNKNOWN_FACE_OR_NO_MATCH,6.94,8.94,0.0,0.0,0.0,259.03,1.85,212.49,476.81,485.75,0.3141,0.1549,0.0,3.682,0.0,1.0,0.8607,0.6,,0,0,0.0
2026-09-28 09:50:24,LIVE_USER,NORMAL,24f0eee7-f336-4b9f-b199-df6d861fd014,False,UNKNOWN_FACE_OR_NO_MATCH,5.22,7.22,0.0,0.0,0.0,269.82,2.04,211.7,487.01,494.23,0.2742,0.0847,0.0,3.682,0.0,1.0,0.9556,0.6,,0,0,0.0
2026-09-28 09:50:28,LIVE_USER,NORMAL,admin,False,UNKNOWN_FACE_OR_NO_MATCH,5.97,7.97,0.0,0.0,0.0,243.85,2.03,212.44,466.69,474.66,0.3299,0.2203,0.0,3.682,0.0,1.0,0.9602,0.6,,0,0,0.0
2026-09-28 09:50:33,LIVE_USER,NORMAL,TEST-UPDATE,False,UNKNOWN_FACE_OR_NO_MATCH,5.64,7.64,0.0,0.0,0.0,250.03,2.33,211.51,472.48,480.12,0.2569,0.2019,0.0,3.682,0.0,1.0,0.9594,0.6,,0,0,0.0
2026-09-28 09:50:37,LIVE_USER,NORMAL,TEST-UPDATE,False,UNKNOWN_FACE_OR_NO_MATCH,4.38,6.38,0.0,0.0,0.0,251.07,1.87,212.17,473.25,479.63,0.2981,0.2374,0.0,3.682,0.0,1.0,0.959,0.6,,0,0,0.0
2026-09-28 09:50:42,LIVE_USER,NORMAL,admin,False,UNKNOWN_FACE_OR_NO_MATCH,5.68,7.68,0.0,0.0,0.0,248.61,1.55,211.94,471.93,479.61,0.3142,0.1554,0.0,3.682,0.0,1.0,0.9345,0.6,,0,0,0.0
2026-09-28 09:50:46,LIVE_USER,NORMAL,admin,False,UNKNOWN_FACE_OR_NO_MATCH,5.0,7.0,0.0,0.0,0.0,250.05,1.46,213.55,472.63,479.63,0.3232,0.2295,0.0,3.682,0.0,1.0,0.9551,0.6,,0,0,0.0
2026-09-28 09:50:52,LIVE_USER,NORMAL,admin,False,UNKNOWN_FACE_OR_NO_MATCH,7.49,9.49,0.0,0.0,0.0,250.22,1.53,212.63,472.01,481.5,0.3143,0.19,0.0,3.682,0.0,1.0,0.9596,0.6,,0,0,0.0
2026-09-28 09:50:56,LIVE_USER,NORMAL,24f0eee7-f336-4b9f-b199-df6d861fd014,False,UNKNOWN_FACE_OR_NO_MATCH,4.5,6.5,0.0,0.0,0.0,249.91,2.0,212.92,473.06,479.56,0.2965,0.1856,0.0,3.682,0.0,1.0,0.9252,0.6,,0,0,0.0
2026-09-28 09:51:02,LIVE_USER,NORMAL,UNKNOWN,False,UNKNOWN_FACE_OR_NO_MATCH,7.8,9.8,0.0,0.0,0.0,143.13,0.0,211.65,360.34,370.14,0.292,0.1617,0.0,3.682,0.0,1.0,0.0,0.6,,0,0,0.0
2026-09-28 09:51:10,LIVE_USER,NORMAL,admin,False,UNKNOWN_FACE_OR_NO_MATCH,6.12,8.12,0.0,0.0,0.0,203.45,2.17,212.01,420.23,428.35,0.3049,0.1068,0.0,3.682,0.0,1.0,0.9543,0.6,,0,0,0.0
2026-09-28 09:51:35,LIVE_USER,NORMAL,admin,False,UNKNOWN_FACE_OR_NO_MATCH,4.95,6.95,0.0,0.0,0.0,251.18,1.55,211.37,469.05,476.0,0.2845,0.1677,0.0,3.682,0.0,1.0,0.7121,0.6,,0,0,0.0
2026-09-28 09:51:41,LIVE_USER,NORMAL,admin,True,NONE_GRANTED,5.5,7.5,0.0,0.0,0.0,233.4,1.68,215.73,454.73,462.23,0.2962,0.2354,0.0,3.682,0.0,1.0,0.5586,0.6,,0,0,0.0
2026-09-28 09:51:45,LIVE_USER,NORMAL,admin,False,UNKNOWN_FACE_OR_NO_MATCH,2.5,4.5,0.0,0.0,0.0,271.18,1.11,222.07,502.2,506.7,0.3101,0.2354,0.0,3.682,0.0,1.0,0.8024,0.6,,0,0,0.0
2026-09-28 09:51:45,LIVE_USER,NORMAL,UNKNOWN,False,UNKNOWN_FACE_OR_NO_MATCH,2.5,4.5,0.0,0.0,0.0,306.5,0.0,219.33,539.57,544.07,0.32,0.2,0.0,3.661,0.0,1.0,0.0,0.6,,0,0,0.0
2026-09-28 09:52:02,LIVE_USER,NORMAL,admin,False,UNKNOWN_FACE_OR_NO_MATCH,2.5,4.5,0.0,0.0,0.0,417.48,1.31,212.54,644.32,648.82,0.2941,0.2354,0.0,3.682,0.0,1.0,0.7491,0.6,,0,0,0.0
2026-09-28 09:52:02,LIVE_USER,NORMAL,UNKNOWN,False,UNKNOWN_FACE_OR_NO_MATCH,2.5,4.5,0.0,0.0,0.0,937.47,0.0,213.99,1164.93,1169.43,0.32,0.2,0.0,3.661,0.0,1.0,0.0,0.6,,0,0,0.0
2026-09-28 09:52:06,LIVE_USER,NORMAL,UNKNOWN,False,UNKNOWN_FACE_OR_NO_MATCH,2.5,4.5,0.0,0.0,0.0,95.85,0.0,217.06,326.49,330.99,0.32,0.2,0.0,3.661,0.0,1.0,0.0,0.6,,0,0,0.0
2026-09-28 09:52:07,LIVE_USER,NORMAL,admin,True,NONE_GRANTED,2.5,4.5,0.0,0.0,0.0,278.14,1.51,219.66,506.28,510.78,0.3063,0.2354,0.0,3.682,0.0,1.0,0.567,0.6,,0,0,0.0
2026-09-28 09:52:14,LIVE_USER,NORMAL,admin,False,UNKNOWN_FACE_OR_NO_MATCH,4.83,6.83,0.0,0.0,0.0,256.7,1.59,212.68,480.01,486.84,0.2849,0.2076,0.0,3.682,0.0,1.0,0.9116,0.6,,0,0,0.0
2026-09-28 09:52:54,LIVE_USER,NORMAL,admin,False,UNKNOWN_FACE_OR_NO_MATCH,5.13,7.13,0.0,11.28,0.0,221.25,2.62,208.52,458.74,465.87,0.1954,0.1483,3.7218,3.682,0.0024,0.6848,0.8332,0.6,,0,0,0.0
2026-09-28 09:52:59,LIVE_USER,NORMAL,admin,True,NONE_GRANTED,4.65,6.65,0.0,12.55,0.0,262.38,2.07,209.81,504.48,511.13,0.2783,0.0428,3.7144,3.682,0.0024,0.6784,0.4205,0.6,,0,0,0.0
2026-09-28 09:53:03,LIVE_USER,NORMAL,admin,True,NONE_GRANTED,4.8,6.8,0.0,12.69,0.0,263.62,1.66,214.6,510.42,517.22,0.2486,0.0245,3.7068,3.682,0.0024,0.6717,0.4246,0.6,,0,0,0.0
2026-09-28 09:53:13,LIVE_USER,NORMAL,admin,True,NONE_GRANTED,5.18,7.18,0.0,12.22,0.0,206.02,1.53,210.28,449.0,456.18,0.2551,0.1203,3.7791,3.682,0.0021,0.735,0.5652,0.6,,0,0,0.0
2026-09-28 09:53:18,LIVE_USER,NORMAL,UNKNOWN,False,SPOOFING_DETECTED,4.69,6.69,0.0,13.25,0.0,0.0,0.0,209.23,234.87,241.56,0.2497,0.1564,3.6689,3.682,0.0024,0.6385,0.0,0.6,,0,0,0.0
2026-09-28 09:53:26,LIVE_USER,NORMAL,UNKNOWN,False,SPOOFING_DETECTED,6.14,8.14,0.0,12.71,0.0,0.0,0.0,208.12,235.45,243.59,0.2498,0.0426,3.4996,3.682,0.0036,0.4904,0.0,0.6,,0,0,0.0
2026-09-28 09:53:31,LIVE_USER,NORMAL,UNKNOWN,False,SPOOFING_DETECTED,4.56,6.56,0.0,11.15,0.0,0.0,0.0,207.97,230.52,237.08,0.2369,0.0456,3.5094,3.682,0.0035,0.499,0.0,0.6,,0,0,0.0
2026-09-28 09:53:42,LIVE_USER,NORMAL,admin,True,NONE_GRANTED,4.57,6.57,0.0,11.7,0.0,242.26,1.83,209.07,486.79,493.36,0.3951,0.0459,3.7477,3.682,0.0022,0.7075,0.547,0.6,,0,0,0.0
2026-09-28 09:53:51,LIVE_USER,NORMAL,UNKNOWN,False,SPOOFING_DETECTED,4.78,6.78,0.0,11.64,0.0,0.0,0.0,214.68,240.67,247.45,0.3019,0.0463,3.4741,3.682,0.0037,0.4681,0.0,0.6,,0,0,0.0
2026-09-28 09:53:56,LIVE_USER,NORMAL,admin,False,UNKNOWN_FACE_OR_NO_MATCH,4.91,6.91,0.0,12.33,0.0,250.35,1.88,208.16,491.75,498.66,0.2717,0.224,3.7254,3.682,0.0023,0.6879,0.7395,0.6,,0,0,0.0
2026-09-28 09:54:00,LIVE_USER,NORMAL,TEST-UPDATE,False,UNKNOWN_FACE_OR_NO_MATCH,6.34,8.34,0.0,16.52,0.0,280.8,1.4,208.19,531.92,540.26,0.3197,0.1652,3.6897,3.682,0.0025,0.6568,0.9608,0.6,,0,0,0.0
2026-09-28 09:54:25,LIVE_USER,NORMAL,UNKNOWN,False,SPOOFING_DETECTED,4.54,6.54,0.0,12.16,0.0,0.0,0.0,208.41,236.55,243.09,0.3969,0.0788,3.6002,3.682,0.003,0.5784,0.0,0.6,,0,0,0.0
2026-09-28 09:54:34,LIVE_USER,NORMAL,admin,False,UNKNOWN_FACE_OR_NO_MATCH,4.3,6.3,0.0,11.2,0.0,204.06,1.4,208.36,440.44,446.74,0.2664,0.0658,3.7626,3.682,0.0021,0.7206,0.9633,0.6,,0,0,0.0
2026-09-28 09:54:39,LIVE_USER,NORMAL,admin,False,UNKNOWN_FACE_OR_NO_MATCH,2.5,4.5,0.0,12.11,0.0,219.83,1.97,208.23,455.33,459.83,0.3002,0.0658,3.8137,3.682,0.0021,0.7653,0.6399,0.6,,0,0,0.0
2026-09-28 09:54:47,LIVE_USER,NORMAL,admin,True,NONE_GRANTED,2.5,4.5,0.0,11.61,0.0,226.25,1.63,209.49,464.18,468.68,0.3008,0.0658,3.8156,3.682,0.002,0.7669,0.5672,0.6,,0,0,0.0
2026-09-28 09:54:53,LIVE_USER,NORMAL,admin,True,NONE_GRANTED,2.5,4.5,0.0,14.0,0.0,241.25,1.39,209.93,482.81,487.31,0.2996,0.0658,3.8007,3.682,0.002,0.7539,0.5977,0.6,,0,0,0.0
2026-09-28 09:55:07,LIVE_USER,NORMAL,UNKNOWN,False,UNKNOWN_FACE_OR_NO_MATCH,4.73,6.73,0.0,13.69,0.0,68.76,0.0,208.49,304.89,311.62,0.3068,0.215,3.7654,3.682,0.0028,0.723,0.0,0.6,,0,0,0.0
2026-09-28 09:55:23,LIVE_USER,NORMAL,UNKNOWN,False,SPOOFING_DETECTED,4.38,6.38,0.0,11.09,0.72,0.0,0.0,208.17,232.02,238.4,0.3065,0.1663,3.7558,3.682,0.002,0.5962,0.0,0.6,,0,0,0.0
2026-09-28 09:55:34,LIVE_USER,NORMAL,UNKNOWN,False,SPOOFING_DETECTED,2.5,4.5,0.0,11.07,0.73,0.0,0.0,207.97,232.26,236.76,0.3042,0.1663,3.7848,3.682,0.0025,0.6143,0.0,0.6,,0,0,0.0
2026-09-28 09:55:41,LIVE_USER,NORMAL,UNKNOWN,False,SPOOFING_DETECTED,2.5,4.5,0.0,11.54,0.74,0.0,0.0,215.93,240.99,245.49,0.3025,0.1663,3.8265,3.682,0.0019,0.6403,0.0,0.6,,0,0,0.0
